139	ERROR	SEM_UNRESOLVED_CALL	Cannot resolve call 'build'	src\main\java\dev\railroadide\railroad\ide\runconfig\defaults\data\CompoundRunConfigurationData.java:80:22 | src\main\java\dev\railroadide\railroad\ide\runconfig\defaults\data\GradleRunConfigurationData.java:138:15 | src\main\java\dev\railroadide\railroad\ide\runconfig\defaults\data\GradleRunConfigurationData.java:137:22 | src\main\java\dev\railroadide\railroad\ide\runconfig\defaults\data\JarApplicationRunConfigurationData.java:82:14 | src\main\java\dev\railroadide\railroad\ide\runconfig\defaults\data\JarApplicationRunConfigurationData.java:81:22
106	ERROR	SEM_UNRESOLVED_CALL	Cannot resolve call 'kind'	src\main\java\dev\railroadide\railroad\ide\diagnostics\inspections\CoreAccessibilityInspection.java:56:51 | src\main\java\dev\railroadide\railroad\ide\diagnostics\inspections\CoreAccessibilityInspection.java:66:53 | src\main\java\dev\railroadide\railroad\ide\diagnostics\inspections\CoreAccessibilityInspection.java:81:60 | src\main\java\dev\railroadide\railroad\ide\diagnostics\inspections\CoreAccessibilityInspection.java:93:53 | src\main\java\dev\railroadide\railroad\ide\diagnostics\inspections\CoreAccessibilityInspection.java:107:34
94	ERROR	SEM_INCOMPATIBLE_ASSIGNMENT	Cannot assign 'java.util.Optional' to 'dev.railroadide.railroad.ide.sst.syntax.api.SyntaxNode'	src\main\java\dev\railroadide\railroad\ide\diagnostics\inspections\CoreAssertionCanBeReplacedWithIfStatementInspection.java:67:13 | src\main\java\dev\railroadide\railroad\ide\diagnostics\inspections\CoreAssertionWithSideEffectsInspection.java:43:23 | src\main\java\dev\railroadide\railroad\ide\diagnostics\inspections\CoreAssertionWithSideEffectsInspection.java:73:23 | src\main\java\dev\railroadide\railroad\ide\diagnostics\inspections\CoreAutoCloseableWithoutTryWithResourcesInspection.java:42:23 | src\main\java\dev\railroadide\railroad\ide\diagnostics\inspections\CoreAutoCloseableWithoutTryWithResourcesInspection.java:65:19
83	ERROR	SEM_UNRESOLVED_CALL	Cannot resolve call 'addArgs'	src\main\java\dev\railroadide\railroad\vcs\git\GitCommands.java:33:14 | src\main\java\dev\railroadide\railroad\vcs\git\GitCommands.java:47:14 | src\main\java\dev\railroadide\railroad\vcs\git\GitCommands.java:61:14 | src\main\java\dev\railroadide\railroad\vcs\git\GitCommands.java:77:14 | src\main\java\dev\railroadide\railroad\vcs\git\GitCommands.java:76:14
71	ERROR	SEM_INCOMPATIBLE_ASSIGNMENT	Cannot assign 'java.util.Optional' to 'dev.railroadide.railroad.ide.sst.semantic.api.Symbol'	src\main\java\dev\railroadide\railroad\ide\diagnostics\inspections\CoreAccessibilityInspection.java:69:19 | src\main\java\dev\railroadide\railroad\ide\diagnostics\inspections\CoreAccessibilityInspection.java:82:23 | src\main\java\dev\railroadide\railroad\ide\diagnostics\inspections\CoreAccessibilityInspection.java:96:19 | src\main\java\dev\railroadide\railroad\ide\diagnostics\inspections\CoreAccessibilityInspection.java:109:23 | src\main\java\dev\railroadide\railroad\ide\diagnostics\inspections\CoreAccessibilityInspection.java:123:19
61	ERROR	SEM_INCOMPATIBLE_ASSIGNMENT	Cannot assign 'java.util.Optional' to 'java.lang.String'	src\main\java\dev\railroadide\railroad\ide\diagnostics\inspections\CoreAccessibilityInspection.java:72:19 | src\main\java\dev\railroadide\railroad\ide\diagnostics\inspections\CoreAccessibilityInspection.java:140:15 | src\main\java\dev\railroadide\railroad\ide\diagnostics\inspections\CoreFeatureEnvyInspection.java:61:19 | src\main\java\dev\railroadide\railroad\ide\diagnostics\inspections\CoreFeatureEnvyInspection.java:79:23 | src\main\java\dev\railroadide\railroad\ide\diagnostics\inspections\CoreFeatureEnvyInspection.java:90:19
57	ERROR	SEM_UNCAUGHT_CHECKED_EXCEPTION	Unhandled checked exception 'java.io.IOException'	src\main\java\dev\railroadide\railroad\gradle\service\impl\ToolingGradleExecutionService.java:44:26 | src\main\java\dev\railroadide\railroad\gradle\service\impl\ToolingGradleExecutionService.java:116:14 | src\main\java\dev\railroadide\railroad\gradle\service\impl\ToolingGradleModelService.java:64:14 | src\main\java\dev\railroadide\railroad\ide\diagnostics\ProjectDiagnosticsScanner.java:240:45 | src\main\java\dev\railroadide\railroad\ide\indexing\Indexes.java:48:23
54	ERROR	SEM_UNRESOLVED_CALL	Cannot resolve call 'id'	src\main\java\dev\railroadide\railroad\ide\diagnostics\inspections\CoreAccessibilityInspection.java:56:58 | src\main\java\dev\railroadide\railroad\ide\diagnostics\inspections\CoreAccessibilityInspection.java:66:60 | src\main\java\dev\railroadide\railroad\ide\diagnostics\inspections\CoreAccessibilityInspection.java:81:67 | src\main\java\dev\railroadide\railroad\ide\diagnostics\inspections\CoreAccessibilityInspection.java:93:60 | src\main\java\dev\railroadide\railroad\ide\diagnostics\inspections\CoreAccessibilityInspection.java:107:41
51	ERROR	SEM_INCOMPATIBLE_ASSIGNMENT	Cannot assign 'T' to 'java.lang.String'	src\main\java\dev\railroadide\railroad\ide\diagnostics\inspections\SimpleJavaInspectionRule.java:30:9 | src\main\java\dev\railroadide\railroad\ide\diagnostics\inspections\SimpleJavaInspectionRule.java:32:9 | src\main\java\dev\railroadide\railroad\ide\diagnostics\rules\java\JavaSemanticRule.java:16:9 | src\main\java\dev\railroadide\railroad\ide\diagnostics\rules\java\JavaSemanticRule.java:18:9 | src\main\java\dev\railroadide\railroad\ide\runconfig\defaults\ShellScriptRunConfigurationType.java:179:15
50	ERROR	SEM_INVALID_OVERRIDE	Invalid override for 'useSystemEnvironmentVariables'	src\main\java\dev\railroadide\railroad\java\cli\impl\JarCLIBuilder.java:23:1 | src\main\java\dev\railroadide\railroad\java\cli\impl\JarCLIBuilder.java:72:5 | src\main\java\dev\railroadide\railroad\java\cli\impl\JarsignerCLIBuilder.java:22:1 | src\main\java\dev\railroadide\railroad\java\cli\impl\JarsignerCLIBuilder.java:72:5 | src\main\java\dev\railroadide\railroad\java\cli\impl\JavaExecutableCLIBuilder.java:30:1
50	ERROR	SEM_INVALID_OVERRIDE	Invalid override for 'run'	src\main\java\dev\railroadide\railroad\java\cli\impl\JarCLIBuilder.java:23:1 | src\main\java\dev\railroadide\railroad\java\cli\impl\JarCLIBuilder.java:492:5 | src\main\java\dev\railroadide\railroad\java\cli\impl\JarsignerCLIBuilder.java:22:1 | src\main\java\dev\railroadide\railroad\java\cli\impl\JarsignerCLIBuilder.java:682:5 | src\main\java\dev\railroadide\railroad\java\cli\impl\JavaExecutableCLIBuilder.java:30:1
50	ERROR	SEM_INVALID_OVERRIDE	Invalid override for 'setTimeout'	src\main\java\dev\railroadide\railroad\java\cli\impl\JarCLIBuilder.java:23:1 | src\main\java\dev\railroadide\railroad\java\cli\impl\JarCLIBuilder.java:78:5 | src\main\java\dev\railroadide\railroad\java\cli\impl\JarsignerCLIBuilder.java:22:1 | src\main\java\dev\railroadide\railroad\java\cli\impl\JarsignerCLIBuilder.java:78:5 | src\main\java\dev\railroadide\railroad\java\cli\impl\JavaExecutableCLIBuilder.java:30:1
50	ERROR	SEM_INVALID_OVERRIDE	Invalid override for 'setWorkingDirectory'	src\main\java\dev\railroadide\railroad\java\cli\impl\JarCLIBuilder.java:23:1 | src\main\java\dev\railroadide\railroad\java\cli\impl\JarCLIBuilder.java:58:5 | src\main\java\dev\railroadide\railroad\java\cli\impl\JarsignerCLIBuilder.java:22:1 | src\main\java\dev\railroadide\railroad\java\cli\impl\JarsignerCLIBuilder.java:58:5 | src\main\java\dev\railroadide\railroad\java\cli\impl\JavaExecutableCLIBuilder.java:30:1
50	ERROR	SEM_INVALID_OVERRIDE	Invalid override for 'setEnvironmentVariable'	src\main\java\dev\railroadide\railroad\java\cli\impl\JarCLIBuilder.java:23:1 | src\main\java\dev\railroadide\railroad\java\cli\impl\JarCLIBuilder.java:64:5 | src\main\java\dev\railroadide\railroad\java\cli\impl\JarsignerCLIBuilder.java:22:1 | src\main\java\dev\railroadide\railroad\java\cli\impl\JarsignerCLIBuilder.java:64:5 | src\main\java\dev\railroadide\railroad\java\cli\impl\JavaExecutableCLIBuilder.java:30:1
50	ERROR	SEM_INVALID_OVERRIDE	Invalid override for 'addArgument'	src\main\java\dev\railroadide\railroad\java\cli\impl\JarCLIBuilder.java:23:1 | src\main\java\dev\railroadide\railroad\java\cli\impl\JarCLIBuilder.java:51:5 | src\main\java\dev\railroadide\railroad\java\cli\impl\JarsignerCLIBuilder.java:22:1 | src\main\java\dev\railroadide\railroad\java\cli\impl\JarsignerCLIBuilder.java:51:5 | src\main\java\dev\railroadide\railroad\java\cli\impl\JavaExecutableCLIBuilder.java:30:1
48	ERROR	SEM_UNCAUGHT_CHECKED_EXCEPTION	Unhandled checked exception 'java.lang.Exception'	src\main\java\dev\railroadide\railroad\gradle\service\impl\ToolingGradleExecutionService.java:116:14 | src\main\java\dev\railroadide\railroad\gradle\service\impl\ToolingGradleModelService.java:64:14 | src\main\java\dev\railroadide\railroad\ide\diagnostics\ProjectDiagnosticsScanner.java:240:18 | src\main\java\dev\railroadide\railroad\ide\language\index\ProjectLanguageIndexService.java:249:18 | src\main\java\dev\railroadide\railroad\ide\projectexplorer\PathTreeItem.java:56:18
39	ERROR	SEM_UNRESOLVED_CALL	Cannot resolve call 'name'	src\main\java\dev\railroadide\railroad\form\impl\RadioButtonGroupComponent.java:137:46 | src\main\java\dev\railroadide\railroad\gradle\ui\tree\GradleConfigurationElement.java:8:9 | src\main\java\dev\railroadide\railroad\ide\runconfig\defaults\data\CompoundRunConfigurationData.java:112:76 | src\main\java\dev\railroadide\railroad\ide\ui\git\branches\AbstractGitBranchesListView.java:82:68 | src\main\java\dev\railroadide\railroad\ide\ui\git\branches\AbstractGitBranchesListView.java:146:37
32	ERROR	SEM_INVALID_OVERRIDE	Invalid override for 'addTransformer'	src\main\java\dev\railroadide\railroad\form\impl\CheckBoxComponent.java:94:5 | src\main\java\dev\railroadide\railroad\form\impl\CheckBoxComponent.java:94:5 | src\main\java\dev\railroadide\railroad\form\impl\CheckBoxComponent.java:185:9 | src\main\java\dev\railroadide\railroad\form\impl\CheckBoxComponent.java:201:9 | src\main\java\dev\railroadide\railroad\form\impl\ComboBoxComponent.java:172:5
31	ERROR	SEM_UNRESOLVED_CALL	Cannot resolve call 'getUnit'	src\main\java\dev\railroadide\railroad\java\cli\impl\JavaExecutableCLIBuilder.java:749:49 | src\main\java\dev\railroadide\railroad\java\cli\impl\JavaExecutableCLIBuilder.java:762:49 | src\main\java\dev\railroadide\railroad\java\cli\impl\JavaExecutableCLIBuilder.java:775:49 | src\main\java\dev\railroadide\railroad\java\cli\impl\JavaExecutableCLIBuilder.java:845:49 | src\main\java\dev\railroadide\railroad\java\cli\impl\JavaExecutableCLIBuilder.java:1134:70
30	ERROR	SEM_INCOMPATIBLE_ASSIGNMENT	Cannot assign 'T' to 'dev.railroadide.railroad.java.JDK'	src\main\java\dev\railroadide\railroad\ide\runconfig\defaults\data\GradleRunConfigurationData.java:335:9 | src\main\java\dev\railroadide\railroad\ide\runconfig\defaults\data\JarApplicationRunConfigurationData.java:93:9 | src\main\java\dev\railroadide\railroad\ide\runconfig\defaults\data\JavaApplicationRunConfigurationData.java:100:9 | src\main\java\dev\railroadide\railroad\java\cli\JDKCLI.java:18:9 | src\main\java\dev\railroadide\railroad\java\cli\impl\JarCLIBuilder.java:38:9
30	ERROR	SEM_DUPLICATE_DECLARATION	Duplicate declaration for 'exception'	src\main\java\dev\railroadide\railroad\form\FormTransformer.java:105:18 | src\main\java\dev\railroadide\railroad\gradle\project\GradleManager.java:193:18 | src\main\java\dev\railroadide\railroad\gradle\project\GradleManager.java:217:18 | src\main\java\dev\railroadide\railroad\gradle\service\impl\ToolingGradleExecutionService.java:74:22 | src\main\java\dev\railroadide\railroad\gradle\service\impl\ToolingGradleModelService.java:143:22
29	ERROR	SEM_UNRESOLVED_CALL	Cannot resolve call 'getPrimaryComponent'	src\main\java\dev\railroadide\railroad\form\impl\CheckBoxComponent.java:59:26 | src\main\java\dev\railroadide\railroad\form\impl\CheckBoxComponent.java:64:47 | src\main\java\dev\railroadide\railroad\form\impl\CheckBoxComponent.java:66:26 | src\main\java\dev\railroadide\railroad\form\impl\CheckBoxComponent.java:88:24 | src\main\java\dev\railroadide\railroad\form\impl\ComboBoxComponent.java:95:39
29	ERROR	SEM_UNRESOLVED_CALL	Cannot resolve call 'get'	src\main\java\dev\railroadide\railroad\form\impl\ComboBoxComponent.java:77:93 | src\main\java\dev\railroadide\railroad\form\impl\RadioButtonGroupComponent.java:46:63 | src\main\java\dev\railroadide\railroad\form\impl\RadioButtonGroupComponent.java:107:50 | src\main\java\dev\railroadide\railroad\form\impl\TextAreaComponent.java:46:83 | src\main\java\dev\railroadide\railroad\form\impl\TextAreaComponent.java:102:36
28	ERROR	SEM_ILLEGAL_FINAL_ASSIGNMENT	Final variable 'content' cannot be assigned here	src\main\java\dev\railroadide\railroad\ui\layout\LayoutParser.java:175:17 | src\main\java\dev\railroadide\railroad\ui\layout\LayoutParser.java:179:17 | src\main\java\dev\railroadide\railroad\ui\layout\LayoutParser.java:183:17 | src\main\java\dev\railroadide\railroad\ui\layout\LayoutParser.java:187:17 | src\main\java\dev\railroadide\railroad\ui\layout\LayoutParser.java:198:21
26	ERROR	SEM_UNRESOLVED_CALL	Cannot resolve call 'toString'	src\main\java\dev\railroadide\railroad\form\impl\CheckBoxComponent.java:205:45 | src\main\java\dev\railroadide\railroad\form\impl\ComboBoxComponent.java:63:170 | src\main\java\dev\railroadide\railroad\form\impl\ComboBoxComponent.java:382:45 | src\main\java\dev\railroadide\railroad\form\impl\DirectoryChooserComponent.java:274:45 | src\main\java\dev\railroadide\railroad\form\impl\FileChooserComponent.java:185:42
25	ERROR	SEM_MISSING_IMPLEMENTATION	Type is missing implementation for 'getInputStream()'	src\main\java\dev\railroadide\railroad\java\cli\impl\JarCLIBuilder.java:23:1 | src\main\java\dev\railroadide\railroad\java\cli\impl\JarsignerCLIBuilder.java:22:1 | src\main\java\dev\railroadide\railroad\java\cli\impl\JavaExecutableCLIBuilder.java:30:1 | src\main\java\dev\railroadide\railroad\java\cli\impl\JavadocCLIBuilder.java:31:1 | src\main\java\dev\railroadide\railroad\java\cli\impl\JavapCLIBuilder.java:23:1
25	ERROR	SEM_MISSING_IMPLEMENTATION	Type is missing implementation for 'compareTo(T)'	src\main\java\dev\railroadide\railroad\form\impl\CheckBoxComponent.java:29:1 | src\main\java\dev\railroadide\railroad\form\impl\CheckBoxComponent.java:94:5 | src\main\java\dev\railroadide\railroad\form\impl\DirectoryChooserComponent.java:32:1 | src\main\java\dev\railroadide\railroad\form\impl\DirectoryChooserComponent.java:119:5 | src\main\java\dev\railroadide\railroad\form\impl\FileChooserComponent.java:27:1
25	ERROR	SEM_MISSING_IMPLEMENTATION	Type is missing implementation for 'getOutputStream()'	src\main\java\dev\railroadide\railroad\java\cli\impl\JarCLIBuilder.java:23:1 | src\main\java\dev\railroadide\railroad\java\cli\impl\JarsignerCLIBuilder.java:22:1 | src\main\java\dev\railroadide\railroad\java\cli\impl\JavaExecutableCLIBuilder.java:30:1 | src\main\java\dev\railroadide\railroad\java\cli\impl\JavadocCLIBuilder.java:31:1 | src\main\java\dev\railroadide\railroad\java\cli\impl\JavapCLIBuilder.java:23:1
25	ERROR	SEM_INVALID_CONTROL_FLOW	Invalid control flow: 'yield' is only allowed inside switch expressions	src\main\java\dev\railroadide\railroad\config\ConfigHandler.java:21:21 | src\main\java\dev\railroadide\railroad\config\ConfigHandler.java:24:17 | src\main\java\dev\railroadide\railroad\config\ConfigHandler.java:30:21 | src\main\java\dev\railroadide\railroad\config\ConfigHandler.java:33:17 | src\main\java\dev\railroadide\railroad\config\ConfigHandler.java:37:17
25	ERROR	SEM_MISSING_IMPLEMENTATION	Type is missing implementation for 'exitValue()'	src\main\java\dev\railroadide\railroad\java\cli\impl\JarCLIBuilder.java:23:1 | src\main\java\dev\railroadide\railroad\java\cli\impl\JarsignerCLIBuilder.java:22:1 | src\main\java\dev\railroadide\railroad\java\cli\impl\JavaExecutableCLIBuilder.java:30:1 | src\main\java\dev\railroadide\railroad\java\cli\impl\JavadocCLIBuilder.java:31:1 | src\main\java\dev\railroadide\railroad\java\cli\impl\JavapCLIBuilder.java:23:1
25	ERROR	SEM_MISSING_IMPLEMENTATION	Type is missing implementation for 'destroy()'	src\main\java\dev\railroadide\railroad\java\cli\impl\JarCLIBuilder.java:23:1 | src\main\java\dev\railroadide\railroad\java\cli\impl\JarsignerCLIBuilder.java:22:1 | src\main\java\dev\railroadide\railroad\java\cli\impl\JavaExecutableCLIBuilder.java:30:1 | src\main\java\dev\railroadide\railroad\java\cli\impl\JavadocCLIBuilder.java:31:1 | src\main\java\dev\railroadide\railroad\java\cli\impl\JavapCLIBuilder.java:23:1
25	ERROR	SEM_MISSING_IMPLEMENTATION	Type is missing implementation for 'waitFor()'	src\main\java\dev\railroadide\railroad\java\cli\impl\JarCLIBuilder.java:23:1 | src\main\java\dev\railroadide\railroad\java\cli\impl\JarsignerCLIBuilder.java:22:1 | src\main\java\dev\railroadide\railroad\java\cli\impl\JavaExecutableCLIBuilder.java:30:1 | src\main\java\dev\railroadide\railroad\java\cli\impl\JavadocCLIBuilder.java:31:1 | src\main\java\dev\railroadide\railroad\java\cli\impl\JavapCLIBuilder.java:23:1
25	ERROR	SEM_MISSING_IMPLEMENTATION	Type is missing implementation for 'getErrorStream()'	src\main\java\dev\railroadide\railroad\java\cli\impl\JarCLIBuilder.java:23:1 | src\main\java\dev\railroadide\railroad\java\cli\impl\JarsignerCLIBuilder.java:22:1 | src\main\java\dev\railroadide\railroad\java\cli\impl\JavaExecutableCLIBuilder.java:30:1 | src\main\java\dev\railroadide\railroad\java\cli\impl\JavadocCLIBuilder.java:31:1 | src\main\java\dev\railroadide\railroad\java\cli\impl\JavapCLIBuilder.java:23:1
24	ERROR	SEM_UNRESOLVED_CALL	Cannot resolve call 'stream'	src\main\java\dev\railroadide\railroad\gradle\ui\deps\GradleDependenciesPane.java:32:59 | src\main\java\dev\railroadide\railroad\ide\language\impl\index\JavaLanguageIndexContextContributor.java:215:46 | src\main\java\dev\railroadide\railroad\ide\runconfig\defaults\data\GradleRunConfigurationData.java:316:49 | src\main\java\dev\railroadide\railroad\ide\runconfig\defaults\data\GradleRunConfigurationData.java:317:54 | src\main\java\dev\railroadide\railroad\ide\sst\impl\java\JavaLexer.java:413:18
24	ERROR	SEM_INVALID_OVERRIDE	Invalid override for 'createPrimaryComponent'	src\main\java\dev\railroadide\railroad\form\impl\CheckBoxComponent.java:29:1 | src\main\java\dev\railroadide\railroad\form\impl\CheckBoxComponent.java:94:5 | src\main\java\dev\railroadide\railroad\form\impl\ComboBoxComponent.java:42:1 | src\main\java\dev\railroadide\railroad\form\impl\ComboBoxComponent.java:172:5 | src\main\java\dev\railroadide\railroad\form\impl\DirectoryChooserComponent.java:32:1
23	ERROR	SEM_UNRESOLVED_CALL	Cannot resolve call 'toLowerCase'	src\main\java\dev\railroadide\railroad\ide\language\impl\index\JavaAnalysisContextProvider.java:142:34 | src\main\java\dev\railroadide\railroad\ide\runconfig\defaults\data\CompoundRunConfigurationData.java:112:84 | src\main\java\dev\railroadide\railroad\ide\runconfig\ui\RunConfigurationEditorPane.java:189:46 | src\main\java\dev\railroadide\railroad\ide\ui\git\branches\AbstractGitBranchesListView.java:81:71 | src\main\java\dev\railroadide\railroad\ide\ui\git\branches\AbstractGitBranchesListView.java:82:75
23	ERROR	SEM_INCOMPATIBLE_ASSIGNMENT	Cannot assign 'java.lang.String[]' to 'java.lang.String'	src\main\java\dev\railroadide\railroad\project\minecraft\pistonmeta\Download.java:20:15 | src\main\java\dev\railroadide\railroad\settings\Setting.java:584:13 | src\main\java\dev\railroadide\railroad\settings\ui\SettingsPane.java:102:21 | src\main\java\dev\railroadide\railroad\theme\ThemeDownloadManager.java:52:15 | src\main\java\dev\railroadide\railroad\utility\StringUtils.java:156:19
22	ERROR	SEM_UNRESOLVED_CALL	Cannot resolve call 'onEnter'	src\main\java\dev\railroadide\railroad\project\onboarding\impl\FabricProjectOnboarding.java:215:14 | src\main\java\dev\railroadide\railroad\project\onboarding\impl\FabricProjectOnboarding.java:245:14 | src\main\java\dev\railroadide\railroad\project\onboarding\impl\FabricProjectOnboarding.java:273:14 | src\main\java\dev\railroadide\railroad\project\onboarding\impl\FabricProjectOnboarding.java:303:14 | src\main\java\dev\railroadide\railroad\project\onboarding\impl\FabricProjectOnboarding.java:340:14
22	ERROR	SEM_UNRESOLVED_CALL	Cannot resolve call 'equals'	src\main\java\dev\railroadide\railroad\ide\diagnostics\inspections\CoreFieldCanBeLocalVariableInspection.java:39:35 | src\main\java\dev\railroadide\railroad\ide\language\impl\index\JavaProjectLanguageIndexer.java:49:23 | src\main\java\dev\railroadide\railroad\ide\language\impl\index\JavaProjectLanguageIndexer.java:62:23 | src\main\java\dev\railroadide\railroad\ide\runconfig\defaults\data\CompoundRunConfigurationData.java:78:107 | src\main\java\dev\railroadide\railroad\ide\runconfig\defaults\data\GradleRunConfigurationData.java:133:62
21	ERROR	SEM_INACCESSIBLE_MEMBER	Member 'LOGGER' is not accessible from here	src\main\java\dev\railroadide\railroad\localization\L18n.java:59:9 | src\main\java\dev\railroadide\railroad\localization\L18n.java:66:17 | src\main\java\dev\railroadide\railroad\localization\L18n.java:71:13 | src\main\java\dev\railroadide\railroad\localization\L18n.java:83:9 | src\main\java\dev\railroadide\railroad\localization\L18n.java:87:13
20	ERROR	SEM_UNRESOLVED_CALL	Cannot resolve call 'code'	src\test\java\dev\railroadide\railroad\ide\sst\impl\java\JavaSemanticAnalyzerTest.java:134:79 | src\test\java\dev\railroadide\railroad\ide\sst\impl\java\JavaSemanticAnalyzerTest.java:137:47 | src\test\java\dev\railroadide\railroad\ide\sst\impl\java\JavaSemanticAnalyzerTest.java:161:79 | src\test\java\dev\railroadide\railroad\ide\sst\impl\java\JavaSemanticAnalyzerTest.java:163:68 | src\test\java\dev\railroadide\railroad\ide\sst\impl\java\JavaSemanticAnalyzerTest.java:165:70
20	ERROR	SEM_UNRESOLVED_CALL	Cannot resolve call 'message'	src\main\java\dev\railroadide\railroad\ide\classparser\ClassScanException.java:5:9 | src\main\java\dev\railroadide\railroad\ide\classparser\ClassScanException.java:9:9 | src\main\java\dev\railroadide\railroad\ide\sst\lexer\Lexer.java:60:13 | src\main\java\dev\railroadide\railroad\ui\layout\LayoutParseException.java:7:9 | src\main\java\dev\railroadide\railroad\ui\layout\LayoutParseException.java:11:9
18	ERROR	SEM_UNRESOLVED_CALL	Cannot resolve call 'contains'	src\main\java\dev\railroadide\railroad\form\FormComponent.java:306:39 | src\main\java\dev\railroadide\railroad\form\FormComponent.java:312:39 | src\main\java\dev\railroadide\railroad\form\impl\ComboBoxComponent.java:86:87 | src\main\java\dev\railroadide\railroad\ide\language\impl\index\JavaAnalysisContextProvider.java:142:48 | src\main\java\dev\railroadide\railroad\ide\ui\MarkdownPreviewPane.java:60:46
18	ERROR	SEM_UNRESOLVED_CALL	Cannot resolve call 'type'	src\main\java\dev\railroadide\railroad\ide\sst\impl\java\JavaSemanticAnalyzer.java:1591:98 | src\main\java\dev\railroadide\railroad\ide\sst\impl\java\JavaSemanticAnalyzer.java:1979:72 | src\main\java\dev\railroadide\railroad\ide\sst\impl\java\JavaSemanticAnalyzer.java:2198:68 | src\main\java\dev\railroadide\railroad\ide\sst\impl\java\JavaSemanticCompletionEngine.java:267:59 | src\main\java\dev\railroadide\railroad\ide\sst\lexer\Token.java:103:13
18	ERROR	SEM_UNRESOLVED_CALL	Cannot resolve call 'markForRefresh'	src\main\java\dev\railroadide\railroad\project\onboarding\impl\FabricProjectOnboarding.java:250:25 | src\main\java\dev\railroadide\railroad\project\onboarding\impl\FabricProjectOnboarding.java:278:25 | src\main\java\dev\railroadide\railroad\project\onboarding\impl\FabricProjectOnboarding.java:310:25 | src\main\java\dev\railroadide\railroad\project\onboarding\impl\FabricProjectOnboarding.java:352:29 | src\main\java\dev\railroadide\railroad\project\onboarding\impl\FabricProjectOnboarding.java:387:29
18	ERROR	SEM_UNRESOLVED_CALL	Cannot resolve call 'setText'	src\main\java\dev\railroadide\railroad\form\impl\DirectoryChooserComponent.java:113:61 | src\main\java\dev\railroadide\railroad\form\impl\FileChooserComponent.java:105:61 | src\main\java\dev\railroadide\railroad\form\impl\TextAreaComponent.java:108:46 | src\main\java\dev\railroadide\railroad\form\impl\TextFieldComponent.java:58:85 | src\main\java\dev\railroadide\railroad\form\impl\TextFieldComponent.java:124:46
18	ERROR	SEM_DISALLOWED_EXCEPTION_IN_METHOD_SIGNATURE	Method 'run' declares disallowed exception 'java.lang.Exception' in its signature	src\main\java\dev\railroadide\railroad\project\ProjectCreationPipeline.java:18:74 | src\main\java\dev\railroadide\railroad\project\creation\CreationStep.java:10:67 | src\main\java\dev\railroadide\railroad\project\onboarding\creation\step\CreateAccessTransformerStep.java:23:74 | src\main\java\dev\railroadide\railroad\project\onboarding\creation\step\CreateDirectoriesStep.java:22:74 | src\main\java\dev\railroadide\railroad\project\onboarding\creation\step\CreateMixinsJsonStep.java:29:74
17	ERROR	SEM_UNRESOLVED_CALL	Cannot resolve call 'getValue'	src\main\java\dev\railroadide\railroad\gradle\ui\deps\GradleDependencyTreeBuilder.java:100:50 | src\main\java\dev\railroadide\railroad\gradle\ui\task\GradleTaskTreeBuilder.java:103:39 | src\main\java\dev\railroadide\railroad\gradle\ui\task\GradleTaskTreeBuilder.java:106:54 | src\main\java\dev\railroadide\railroad\ide\diagnostics\JavaInspectionRegistries.java:113:61 | src\main\java\dev\railroadide\railroad\ide\diagnostics\ui\JavaInspectionRuleSettingsPane.java:69:71
17	ERROR	SEM_UNRESOLVED_MEMBER	Cannot resolve member 'maybeAssigned'	src\main\java\dev\railroadide\railroad\ide\diagnostics\inspections\CoreDefiniteAssignmentInspection.java:1557:29 | src\main\java\dev\railroadide\railroad\ide\diagnostics\inspections\CoreDefiniteAssignmentInspection.java:1570:47 | src\main\java\dev\railroadide\railroad\ide\diagnostics\inspections\CoreDefiniteAssignmentInspection.java:1570:68 | src\main\java\dev\railroadide\railroad\ide\diagnostics\inspections\CoreDefiniteAssignmentInspection.java:1577:70 | src\main\java\dev\railroadide\railroad\ide\diagnostics\inspections\CoreDefiniteAssignmentInspection.java:1579:68
17	ERROR	SEM_INVALID_OVERRIDE	Invalid override for 'build'	src\main\java\dev\railroadide\railroad\form\impl\CheckBoxComponent.java:94:5 | src\main\java\dev\railroadide\railroad\form\impl\CheckBoxComponent.java:235:9 | src\main\java\dev\railroadide\railroad\form\impl\ComboBoxComponent.java:172:5 | src\main\java\dev\railroadide\railroad\form\impl\ComboBoxComponent.java:459:9 | src\main\java\dev\railroadide\railroad\form\impl\DirectoryChooserComponent.java:119:5
16	ERROR	SEM_INVALID_OVERRIDE	Invalid override for 'listener'	src\main\java\dev\railroadide\railroad\form\impl\CheckBoxComponent.java:94:5 | src\main\java\dev\railroadide\railroad\form\impl\CheckBoxComponent.java:159:9 | src\main\java\dev\railroadide\railroad\form\impl\ComboBoxComponent.java:172:5 | src\main\java\dev\railroadide\railroad\form\impl\ComboBoxComponent.java:328:9 | src\main\java\dev\railroadide\railroad\form\impl\DirectoryChooserComponent.java:119:5
16	ERROR	SEM_INVALID_OVERRIDE	Invalid override for 'validator'	src\main\java\dev\railroadide\railroad\form\impl\CheckBoxComponent.java:94:5 | src\main\java\dev\railroadide\railroad\form\impl\CheckBoxComponent.java:147:9 | src\main\java\dev\railroadide\railroad\form\impl\ComboBoxComponent.java:172:5 | src\main\java\dev\railroadide\railroad\form\impl\ComboBoxComponent.java:316:9 | src\main\java\dev\railroadide\railroad\form\impl\DirectoryChooserComponent.java:119:5
16	ERROR	SEM_UNRESOLVED_NAME	Cannot resolve name 'dataKey'	src\main\java\dev\railroadide\railroad\form\impl\CheckBoxComponent.java:77:38 | src\main\java\dev\railroadide\railroad\form\impl\CheckBoxComponent.java:79:30 | src\main\java\dev\railroadide\railroad\form\impl\ComboBoxComponent.java:153:30 | src\main\java\dev\railroadide\railroad\form\impl\ComboBoxComponent.java:155:22 | src\main\java\dev\railroadide\railroad\form\impl\DirectoryChooserComponent.java:101:38
16	ERROR	SEM_INVALID_OVERRIDE	Invalid override for 'visible'	src\main\java\dev\railroadide\railroad\form\impl\CheckBoxComponent.java:94:5 | src\main\java\dev\railroadide\railroad\form\impl\CheckBoxComponent.java:224:9 | src\main\java\dev\railroadide\railroad\form\impl\ComboBoxComponent.java:172:5 | src\main\java\dev\railroadide\railroad\form\impl\ComboBoxComponent.java:415:9 | src\main\java\dev\railroadide\railroad\form\impl\DirectoryChooserComponent.java:119:5
15	ERROR	SEM_UNRESOLVED_MEMBER	Cannot resolve member 'definitelyAssigned'	src\main\java\dev\railroadide\railroad\ide\diagnostics\inspections\CoreDefiniteAssignmentInspection.java:1556:29 | src\main\java\dev\railroadide\railroad\ide\diagnostics\inspections\CoreDefiniteAssignmentInspection.java:1569:47 | src\main\java\dev\railroadide\railroad\ide\diagnostics\inspections\CoreDefiniteAssignmentInspection.java:1569:73 | src\main\java\dev\railroadide\railroad\ide\diagnostics\inspections\CoreDefiniteAssignmentInspection.java:1577:44 | src\main\java\dev\railroadide\railroad\ide\diagnostics\inspections\CoreDefiniteAssignmentInspection.java:1579:43
15	ERROR	SEM_INCOMPATIBLE_ASSIGNMENT	Cannot assign 'java.util.Optional' to 'dev.railroadide.railroad.ide.sst.semantic.api.Type'	src\main\java\dev\railroadide\railroad\ide\diagnostics\inspections\CoreAssignmentInspection.java:54:13 | src\main\java\dev\railroadide\railroad\ide\diagnostics\inspections\CoreAssignmentInspection.java:64:13 | src\main\java\dev\railroadide\railroad\ide\diagnostics\inspections\CoreAssignmentInspection.java:65:13 | src\main\java\dev\railroadide\railroad\ide\diagnostics\inspections\CoreAutoCloseableWithoutTryWithResourcesInspection.java:91:13 | src\main\java\dev\railroadide\railroad\ide\diagnostics\inspections\CoreBigDecimalEqualsInspection.java:71:13
15	ERROR	SEM_INCOMPATIBLE_ASSIGNMENT	Cannot assign 'java.util.List' to 'dev.railroadide.railroad.ide.sst.syntax.api.SyntaxNode'	src\main\java\dev\railroadide\railroad\ide\sst\impl\java\JavaSemanticAnalyzer.java:3592:27 | src\main\java\dev\railroadide\railroad\ide\sst\impl\java\JavaSemanticAnalyzer.java:4769:23 | src\test\java\dev\railroadide\railroad\plugin\spi\inspection\JavaRuleContextTest.java:102:19 | src\test\java\dev\railroadide\railroad\plugin\spi\inspection\JavaRuleContextTest.java:103:19 | src\test\java\dev\railroadide\railroad\plugin\spi\inspection\JavaRuleContextTest.java:172:19
15	ERROR	SEM_ILLEGAL_FINAL_ASSIGNMENT	Final variable 'text' cannot be assigned here	src\main\java\dev\railroadide\railroad\ide\diagnostics\inspections\CoreDefiniteAssignmentInspection.java:1424:94 | src\main\java\dev\railroadide\railroad\ide\diagnostics\inspections\CoreDefiniteAssignmentInspection.java:1424:94 | src\main\java\dev\railroadide\railroad\ide\sst\impl\java\JavaSemanticAnalyzer.java:2433:13 | src\main\java\dev\railroadide\railroad\ide\sst\impl\java\JavaSemanticAnalyzer.java:2434:40 | src\main\java\dev\railroadide\railroad\ide\sst\impl\java\JavaSemanticAnalyzer.java:2434:40
14	ERROR	SEM_INCOMPATIBLE_ASSIGNMENT	Cannot assign 'dev.railroadide.railroad.ide.sst.lexer.Token' to 'dev.railroadide.railroad.ide.sst.impl.java.JavaTokenType'	src\main\java\dev\railroadide\railroad\ide\sst\impl\java\JavaGreenParser.java:797:22 | src\main\java\dev\railroadide\railroad\ide\sst\impl\java\JavaGreenParser.java:1070:22 | src\main\java\dev\railroadide\railroad\ide\sst\impl\java\JavaGreenParser.java:1091:26 | src\main\java\dev\railroadide\railroad\ide\sst\impl\java\JavaGreenParser.java:1397:26 | src\main\java\dev\railroadide\railroad\ide\sst\impl\java\JavaGreenParser.java:1452:26
14	ERROR	SEM_UNRESOLVED_CALL	Cannot resolve call 'path'	src\main\java\dev\railroadide\railroad\gradle\service\impl\ToolingGradleExecutionService.java:126:39 | src\main\java\dev\railroadide\railroad\ide\diagnostics\ProjectDiagnosticsScanner.java:115:60 | src\main\java\dev\railroadide\railroad\ide\diagnostics\ProjectDiagnosticsScanner.java:170:60 | src\main\java\dev\railroadide\railroad\ide\runconfig\defaults\data\GradleRunConfigurationData.java:130:59 | src\main\java\dev\railroadide\railroad\ide\runconfig\defaults\data\GradleRunConfigurationData.java:133:44
13	ERROR	SEM_UNRESOLVED_CALL	Cannot resolve call 'project'	src\main\java\dev\railroadide\railroad\gradle\ui\deps\GradleDependenciesPane.java:17:9 | src\main\java\dev\railroadide\railroad\gradle\ui\task\GradleTasksPane.java:19:9 | src\main\java\dev\railroadide\railroad\ide\DefaultIDEStateService.java:29:50 | src\main\java\dev\railroadide\railroad\ide\IDESetup.java:117:23 | src\main\java\dev\railroadide\railroad\ide\diagnostics\JavaDiagnosticsProvider.java:34:9
13	ERROR	SEM_UNRESOLVED_CALL	Cannot resolve call 'canBeNull'	src\main\java\dev\railroadide\railroad\settings\Settings.java:36:10 | src\main\java\dev\railroadide\railroad\settings\Settings.java:47:10 | src\main\java\dev\railroadide\railroad\settings\Settings.java:69:10 | src\main\java\dev\railroadide\railroad\settings\Settings.java:77:10 | src\main\java\dev\railroadide\railroad\settings\Settings.java:85:10
13	ERROR	SEM_UNRESOLVED_CALL	Cannot resolve call 'getName'	src\main\java\dev\railroadide\railroad\ide\projectexplorer\dialog\CreateFileDialog.java:194:30 | src\main\java\dev\railroadide\railroad\ide\runconfig\RunConfigurationManager.java:76:108 | src\main\java\dev\railroadide\railroad\ide\runconfig\RunConfigurationManager.java:139:31 | src\main\java\dev\railroadide\railroad\ide\runconfig\defaults\CompoundRunConfigurationType.java:102:42 | src\main\java\dev\railroadide\railroad\ide\runconfig\ui\RunConfigurationListCell.java:99:39
13	ERROR	SEM_UNRESOLVED_CALL	Cannot resolve call 'getTextField'	src\main\java\dev\railroadide\railroad\form\impl\DirectoryChooserComponent.java:82:48 | src\main\java\dev\railroadide\railroad\form\impl\DirectoryChooserComponent.java:87:69 | src\main\java\dev\railroadide\railroad\form\impl\DirectoryChooserComponent.java:89:48 | src\main\java\dev\railroadide\railroad\form\impl\DirectoryChooserComponent.java:113:46 | src\main\java\dev\railroadide\railroad\form\impl\FileChooserComponent.java:74:48
13	ERROR	SEM_UNRESOLVED_CALL	Cannot resolve call 'warn'	src\main\java\dev\railroadide\railroad\ide\diagnostics\ProjectDiagnosticsScanner.java:69:25 | src\main\java\dev\railroadide\railroad\ide\diagnostics\ProjectDiagnosticsScanner.java:130:25 | src\main\java\dev\railroadide\railroad\ide\diagnostics\ProjectDiagnosticsScanner.java:190:25 | src\main\java\dev\railroadide\railroad\ide\language\impl\index\JavaAnalysisContextProvider.java:75:29 | src\main\java\dev\railroadide\railroad\ide\language\impl\index\JavaAnalysisContextProvider.java:83:29
12	ERROR	SEM_UNRESOLVED_CALL	Cannot resolve call 'getText'	src\main\java\dev\railroadide\railroad\ide\runconfig\RunConfigurationData.java:35:49 | src\main\java\dev\railroadide\railroad\ide\runconfig\defaults\data\GradleRunConfigurationData.java:80:49 | src\main\java\dev\railroadide\railroad\ide\runconfig\defaults\data\GradleRunConfigurationData.java:114:102 | src\main\java\dev\railroadide\railroad\ide\runconfig\defaults\data\JarApplicationRunConfigurationData.java:64:102 | src\main\java\dev\railroadide\railroad\ide\runconfig\defaults\data\JavaApplicationRunConfigurationData.java:89:102
12	ERROR	SEM_UNRESOLVED_CALL	Cannot resolve call 'validator'	src\main\java\dev\railroadide\railroad\project\onboarding\impl\FabricProjectOnboarding.java:206:26 | src\main\java\dev\railroadide\railroad\project\onboarding\impl\FabricProjectOnboarding.java:420:26 | src\main\java\dev\railroadide\railroad\project\onboarding\impl\FabricProjectOnboarding.java:428:26 | src\main\java\dev\railroadide\railroad\project\onboarding\impl\FabricProjectOnboarding.java:436:26 | src\main\java\dev\railroadide\railroad\project\onboarding\impl\ForgeProjectOnboarding.java:237:26
12	ERROR	SEM_UNRESOLVED_CALL	Cannot resolve call 'isEmpty'	src\main\java\dev\railroadide\railroad\ide\runconfig\ui\form\RunConfigurationPickerComponent.java:181:73 | src\main\java\dev\railroadide\railroad\ide\sst\impl\java\JavaSemanticCompletionEngine.java:339:35 | src\main\java\dev\railroadide\railroad\ide\ui\codeeditor\CodeEditorPane.java:439:54 | src\main\java\dev\railroadide\railroad\ide\ui\git\commit\details\GitCommitCheckoutButton.java:27:55 | src\main\java\dev\railroadide\railroad\ide\ui\git\commit\details\GitCommitCherryPickButton.java:29:55
12	ERROR	SEM_UNRESOLVED_CALL	Cannot resolve call 'getPath'	src\main\java\dev\railroadide\railroad\ide\projectexplorer\PathTreeCell.java:46:43 | src\main\java\dev\railroadide\railroad\ide\projectexplorer\PathTreeCell.java:156:47 | src\main\java\dev\railroadide\railroad\ide\projectexplorer\PathTreeCell.java:186:67 | src\main\java\dev\railroadide\railroad\ide\projectexplorer\PathTreeCell.java:193:41 | src\main\java\dev\railroadide\railroad\ide\projectexplorer\PathTreeCell.java:248:46
12	ERROR	SEM_INCOMPATIBLE_ASSIGNMENT	Cannot assign 'T' to 'java.util.List'	src\main\java\dev\railroadide\railroad\ide\sst\project\JavaProjectSemanticIndex.java:135:20 | src\test\java\dev\railroadide\railroad\java\cli\JarCLIBuilderTest.java:41:21 | src\test\java\dev\railroadide\railroad\java\cli\JarsignerCLIBuilderTest.java:26:21 | src\test\java\dev\railroadide\railroad\java\cli\JarsignerCLIBuilderTest.java:40:21 | src\test\java\dev\railroadide\railroad\java\cli\JarsignerCLIBuilderTest.java:49:21
12	ERROR	SEM_UNRESOLVED_CALL	Cannot resolve call 'isBlank'	src\main\java\dev\railroadide\railroad\config\Config.java:110:116 | src\main\java\dev\railroadide\railroad\ide\diagnostics\JavaInspectionRuleSettings.java:123:54 | src\main\java\dev\railroadide\railroad\ide\language\impl\index\JavaLanguageIndexContextContributor.java:292:33 | src\main\java\dev\railroadide\railroad\ide\projectexplorer\ProjectExplorerPane.java:616:26 | src\main\java\dev\railroadide\railroad\ide\runconfig\defaults\data\GradleRunConfigurationData.java:164:59
11	ERROR	SEM_UNRESOLVED_CALL	Cannot resolve call 'Token'	src\main\java\dev\railroadide\railroad\ui\layout\LayoutParser.java:177:31 | src\main\java\dev\railroadide\railroad\ui\layout\LayoutParser.java:181:31 | src\main\java\dev\railroadide\railroad\ui\layout\LayoutParser.java:185:31 | src\main\java\dev\railroadide\railroad\ui\layout\LayoutParser.java:217:35 | src\main\java\dev\railroadide\railroad\ui\layout\LayoutParser.java:227:31
11	ERROR	SEM_UNRESOLVED_CALL	Cannot resolve call 'filter'	src\main\java\dev\railroadide\railroad\ide\runconfig\defaults\data\CompoundRunConfigurationData.java:78:22 | src\main\java\dev\railroadide\railroad\ide\runconfig\defaults\data\GradleRunConfigurationData.java:318:18 | src\main\java\dev\railroadide\railroad\ide\ui\git\commit\details\GitCommitCheckoutButton.java:48:43 | src\main\java\dev\railroadide\railroad\ide\ui\git\commit\details\GitCommitCheckoutButton.java:55:43 | src\main\java\dev\railroadide\railroad\ide\ui\git\commit\details\GitCommitCheckoutButton.java:62:43
11	ERROR	SEM_INACCESSIBLE_CALL	Call 'TypeToken' is not accessible from here	src\main\java\dev\railroadide\railroad\settings\Settings.java:88:111 | src\main\java\dev\railroadide\railroad\settings\Settings.java:131:108 | src\main\java\dev\railroadide\railroad\settings\Settings.java:138:106 | src\main\java\dev\railroadide\railroad\settings\Settings.java:145:98 | src\main\java\dev\railroadide\railroad\settings\handler\SettingsHandler.java:23:129
11	ERROR	SEM_UNRESOLVED_CALL	Cannot resolve call 'map'	src\main\java\dev\railroadide\railroad\ide\language\impl\index\JavaLanguageIndexContextContributor.java:218:22 | src\main\java\dev\railroadide\railroad\ide\language\impl\index\JavaLanguageIndexContextContributor.java:216:22 | src\main\java\dev\railroadide\railroad\ide\runconfig\defaults\data\GradleRunConfigurationData.java:320:18 | src\main\java\dev\railroadide\railroad\ide\ui\git\overview\GitOverviewRecentCommitsPane.java:132:24 | src\main\java\dev\railroadide\railroad\plugin\spi\inspection\JavaRuleContext.java:1500:88
11	ERROR	SEM_UNRESOLVED_CALL	Cannot resolve call 'addEventHandler'	src\main\java\dev\railroadide\railroad\form\impl\ComboBoxComponent.java:112:64 | src\main\java\dev\railroadide\railroad\form\impl\DirectoryChooserComponent.java:58:61 | src\main\java\dev\railroadide\railroad\form\impl\DirectoryChooserComponent.java:66:52 | src\main\java\dev\railroadide\railroad\form\impl\FileChooserComponent.java:48:61 | src\main\java\dev\railroadide\railroad\form\impl\FileChooserComponent.java:56:52
10	ERROR	SEM_UNRESOLVED_CALL	Cannot resolve call 'setValue'	src\main\java\dev\railroadide\railroad\form\impl\ComboBoxComponent.java:164:46 | src\main\java\dev\railroadide\railroad\form\impl\RadioButtonGroupComponent.java:108:24 | src\main\java\dev\railroadide\railroad\form\ui\FormComboBox.java:56:55 | src\main\java\dev\railroadide\railroad\ide\diagnostics\ui\JavaInspectionRuleSettingsPane.java:88:34 | src\main\java\dev\railroadide\railroad\project\onboarding\step\OnboardingFormStep.java:538:46
10	ERROR	SEM_UNRESOLVED_CALL	Cannot resolve call 'getStyleClass'	src\main\java\dev\railroadide\railroad\form\FormComponent.java:302:18 | src\main\java\dev\railroadide\railroad\form\FormComponent.java:304:18 | src\main\java\dev\railroadide\railroad\form\FormComponent.java:306:23 | src\main\java\dev\railroadide\railroad\form\FormComponent.java:307:22 | src\main\java\dev\railroadide\railroad\form\FormComponent.java:310:18
10	ERROR	SEM_UNRESOLVED_CALL	Cannot resolve call 'error'	src\main\java\dev\railroadide\railroad\ide\runconfig\defaults\ShellScriptRunConfigurationType.java:120:41 | src\main\java\dev\railroadide\railroad\localization\L18n.java:71:20 | src\main\java\dev\railroadide\railroad\localization\L18n.java:95:20 | src\main\java\dev\railroadide\railroad\localization\L18n.java:160:20 | src\main\java\dev\railroadide\railroad\localization\L18n.java:169:20
10	ERROR	SEM_UNRESOLVED_CALL	Cannot resolve call 'appendSection'	src\main\java\dev\railroadide\railroad\project\onboarding\impl\FabricProjectOnboarding.java:193:14 | src\main\java\dev\railroadide\railroad\project\onboarding\impl\FabricProjectOnboarding.java:413:14 | src\main\java\dev\railroadide\railroad\project\onboarding\impl\ForgeProjectOnboarding.java:224:14 | src\main\java\dev\railroadide\railroad\project\onboarding\impl\ForgeProjectOnboarding.java:470:14 | src\main\java\dev\railroadide\railroad\project\onboarding\impl\ForgeProjectOnboarding.java:445:14
10	ERROR	SEM_INCOMPATIBLE_ASSIGNMENT	Cannot assign 'T' to 'dev.railroadide.railroad.plugin.spi.dto.Project'	src\main\java\dev\railroadide\railroad\gradle\project\GradleManager.java:61:9 | src\main\java\dev\railroadide\railroad\gradle\service\impl\ToolingGradleExecutionService.java:38:9 | src\main\java\dev\railroadide\railroad\gradle\service\impl\ToolingGradleModelService.java:53:9 | src\main\java\dev\railroadide\railroad\ide\diagnostics\ProjectDiagnosticsContext.java:24:9 | src\main\java\dev\railroadide\railroad\ide\language\index\ProjectIndexContext.java:21:9
10	ERROR	SEM_UNRESOLVED_CALL	Cannot resolve call 'displayName'	src\main\java\dev\railroadide\railroad\ide\diagnostics\inspections\CoreImplicitNumericConversionInspection.java:159:62 | src\main\java\dev\railroadide\railroad\ide\diagnostics\inspections\CoreThisReferenceEscapedObjectConstructionInspection.java:168:64 | src\test\java\dev\railroadide\railroad\ide\sst\impl\java\JavaSemanticAnalyzerTest.java:323:74 | src\test\java\dev\railroadide\railroad\ide\sst\impl\java\JavaSemanticAnalyzerTest.java:324:80 | src\test\java\dev\railroadide\railroad\ide\sst\impl\java\JavaSemanticAnalyzerTest.java:555:85
9	ERROR	SEM_ILLEGAL_FINAL_ASSIGNMENT	Final variable 'path' cannot be assigned here	src\main\java\dev\railroadide\railroad\project\onboarding\ProjectValidators.java:355:35 | src\main\java\dev\railroadide\railroad\project\onboarding\ProjectValidators.java:355:35 | src\main\java\dev\railroadide\railroad\project\onboarding\ProjectValidators.java:358:9 | src\main\java\dev\railroadide\railroad\project\onboarding\ProjectValidators.java:361:36 | src\main\java\dev\railroadide\railroad\project\onboarding\ProjectValidators.java:361:36
9	ERROR	SEM_UNASSIGNED_VARIABLE	Variable 'key' might not have been initialized	src\main\java\dev\railroadide\railroad\ide\projectexplorer\task\WatchTask.java:66:32 | src\main\java\dev\railroadide\railroad\ide\projectexplorer\task\WatchTask.java:68:33 | src\main\java\dev\railroadide\railroad\ide\projectexplorer\task\WatchTask.java:66:32 | src\main\java\dev\railroadide\railroad\ide\projectexplorer\task\WatchTask.java:68:33 | src\main\java\dev\railroadide\railroad\ide\projectexplorer\task\WatchTask.java:66:32
9	ERROR	SEM_UNRESOLVED_CALL	Cannot resolve call 'FontAwesomeSolid'	src\main\java\dev\railroadide\railroad\ide\runconfig\defaults\CompoundRunConfigurationType.java:17:9 | src\main\java\dev\railroadide\railroad\ide\runconfig\defaults\JavaApplicationRunConfigurationType.java:31:9 | src\main\java\dev\railroadide\railroad\ide\runconfig\defaults\ShellScriptRunConfigurationType.java:31:9 | src\main\java\dev\railroadide\railroad\ide\ui\git\commit\details\GitCommitCheckoutButton.java:23:9 | src\main\java\dev\railroadide\railroad\ide\ui\git\commit\details\GitCommitCherryPickButton.java:25:9
9	ERROR	SEM_UNRESOLVED_MEMBER	Cannot resolve member 'reachable'	src\main\java\dev\railroadide\railroad\ide\diagnostics\inspections\CoreDefiniteAssignmentInspection.java:1558:29 | src\main\java\dev\railroadide\railroad\ide\diagnostics\inspections\CoreDefiniteAssignmentInspection.java:1567:23 | src\main\java\dev\railroadide\railroad\ide\diagnostics\inspections\CoreDefiniteAssignmentInspection.java:1567:43 | src\main\java\dev\railroadide\railroad\ide\diagnostics\inspections\CoreDefiniteAssignmentInspection.java:1576:23 | src\main\java\dev\railroadide\railroad\ide\diagnostics\inspections\CoreDefiniteAssignmentInspection.java:1578:24
9	ERROR	SEM_UNRESOLVED_CALL	Cannot resolve call 'values'	src\main\java\dev\railroadide\railroad\ide\diagnostics\ui\JavaInspectionRuleSettingsPane.java:189:63 | src\main\java\dev\railroadide\railroad\ide\diagnostics\ui\JavaInspectionRuleSettingsPane.java:220:63 | src\main\java\dev\railroadide\railroad\ide\diagnostics\ui\JavaInspectionRuleSettingsPane.java:224:65 | src\main\java\dev\railroadide\railroad\ide\sst\impl\java\JavaParserBenchmarkRunner.java:193:45 | src\main\java\dev\railroadide\railroad\ide\sst\impl\java\JavaParserBenchmarkRunner.java:235:45
9	ERROR	SEM_MISSING_IMPLEMENTATION	Type is missing implementation for 'write(com.google.gson.stream.JsonWriter,T)'	src\main\java\dev\railroadide\railroad\project\creation\modjson\adapter\EntrypointListTypeAdapter.java:14:1 | src\main\java\dev\railroadide\railroad\project\creation\modjson\adapter\IconTypeAdapter.java:14:1 | src\main\java\dev\railroadide\railroad\project\creation\modjson\adapter\MixinListTypeAdapter.java:14:1 | src\main\java\dev\railroadide\railroad\project\creation\modjson\adapter\PersonListTypeAdapter.java:14:1 | src\main\java\dev\railroadide\railroad\project\creation\modjson\adapter\StringOrStringArrayTypeAdapter.java:13:1
9	ERROR	SEM_UNRESOLVED_MEMBER	Cannot resolve member 'DECLARED'	src\main\java\dev\railroadide\railroad\ide\sst\semantic\api\Type.java:93:25 | src\main\java\dev\railroadide\railroad\plugin\spi\inspection\JavaRuleContext.java:912:35 | src\main\java\dev\railroadide\railroad\plugin\spi\inspection\JavaRuleContext.java:917:35 | src\main\java\dev\railroadide\railroad\plugin\spi\inspection\JavaRuleContext.java:917:69 | src\main\java\dev\railroadide\railroad\plugin\spi\inspection\JavaRuleContext.java:2263:74
9	ERROR	SEM_UNRESOLVED_CALL	Cannot resolve call 'toBytes'	src\main\java\dev\railroadide\railroad\java\cli\impl\JavaExecutableCLIBuilder.java:1954:53 | src\main\java\dev\railroadide\railroad\java\cli\impl\JavaExecutableCLIBuilder.java:2548:53 | src\main\java\dev\railroadide\railroad\java\cli\impl\JavaExecutableCLIBuilder.java:2548:107 | src\main\java\dev\railroadide\railroad\java\cli\impl\JavaExecutableCLIBuilder.java:2676:53 | src\main\java\dev\railroadide\railroad\java\cli\impl\JavaExecutableCLIBuilder.java:2741:53
9	ERROR	SEM_UNRESOLVED_CALL	Cannot resolve call 'removeListener'	src\main\java\dev\railroadide\railroad\form\impl\CheckBoxComponent.java:59:67 | src\main\java\dev\railroadide\railroad\form\impl\ComboBoxComponent.java:135:64 | src\main\java\dev\railroadide\railroad\form\impl\DirectoryChooserComponent.java:82:78 | src\main\java\dev\railroadide\railroad\form\impl\FileChooserComponent.java:74:78 | src\main\java\dev\railroadide\railroad\form\impl\RadioButtonGroupComponent.java:65:46
9	ERROR	SEM_UNRESOLVED_CALL	Cannot resolve call 'addListener'	src\main\java\dev\railroadide\railroad\form\impl\CheckBoxComponent.java:66:67 | src\main\java\dev\railroadide\railroad\form\impl\ComboBoxComponent.java:142:64 | src\main\java\dev\railroadide\railroad\form\impl\DirectoryChooserComponent.java:89:78 | src\main\java\dev\railroadide\railroad\form\impl\FileChooserComponent.java:81:78 | src\main\java\dev\railroadide\railroad\form\impl\RadioButtonGroupComponent.java:72:46
9	ERROR	SEM_INVALID_OVERRIDE	Invalid override for 'read'	src\main\java\dev\railroadide\railroad\project\creation\modjson\adapter\EntrypointListTypeAdapter.java:17:5 | src\main\java\dev\railroadide\railroad\project\creation\modjson\adapter\IconTypeAdapter.java:15:5 | src\main\java\dev\railroadide\railroad\project\creation\modjson\adapter\MixinListTypeAdapter.java:17:5 | src\main\java\dev\railroadide\railroad\project\creation\modjson\adapter\PersonListTypeAdapter.java:17:5 | src\main\java\dev\railroadide\railroad\project\creation\modjson\adapter\StringOrStringArrayTypeAdapter.java:14:5
9	ERROR	SEM_INCOMPATIBLE_ASSIGNMENT	Cannot assign 'int' to 'java.lang.String[]'	src\main\java\dev\railroadide\railroad\ide\runconfig\defaults\data\GradleRunConfigurationData.java:45:21 | src\main\java\dev\railroadide\railroad\ide\runconfig\defaults\data\JarApplicationRunConfigurationData.java:25:21 | src\main\java\dev\railroadide\railroad\ide\runconfig\defaults\data\JarApplicationRunConfigurationData.java:26:21 | src\main\java\dev\railroadide\railroad\ide\runconfig\defaults\data\JavaApplicationRunConfigurationData.java:28:21 | src\main\java\dev\railroadide\railroad\ide\runconfig\defaults\data\JavaApplicationRunConfigurationData.java:29:21
9	ERROR	SEM_UNRESOLVED_CALL	Cannot resolve call 'bindTextFieldTo'	src\main\java\dev\railroadide\railroad\project\onboarding\impl\FabricProjectOnboarding.java:419:26 | src\main\java\dev\railroadide\railroad\project\onboarding\impl\FabricProjectOnboarding.java:427:26 | src\main\java\dev\railroadide\railroad\project\onboarding\impl\FabricProjectOnboarding.java:435:26 | src\main\java\dev\railroadide\railroad\project\onboarding\impl\ForgeProjectOnboarding.java:451:26 | src\main\java\dev\railroadide\railroad\project\onboarding\impl\ForgeProjectOnboarding.java:459:26
9	ERROR	SEM_UNRESOLVED_CALL	Cannot resolve call 'dataKey'	src\main\java\dev\railroadide\railroad\form\FormComponent.java:100:9 | src\main\java\dev\railroadide\railroad\form\impl\CheckBoxComponent.java:42:9 | src\main\java\dev\railroadide\railroad\form\impl\ComboBoxComponent.java:62:9 | src\main\java\dev\railroadide\railroad\form\impl\DirectoryChooserComponent.java:47:9 | src\main\java\dev\railroadide\railroad\form\impl\FileChooserComponent.java:37:9
8	ERROR	SEM_INCOMPATIBLE_ASSIGNMENT	Cannot assign 'int[]' to 'int'	src\main\java\dev\railroadide\railroad\ide\signature\JdtJavaSignatureHelpProvider.java:141:12 | src\main\java\dev\railroadide\railroad\ide\signature\JdtJavaSignatureHelpProvider.java:142:12 | src\main\java\dev\railroadide\railroad\ide\ui\codeeditor\CodeEditorPane.java:898:21 | src\main\java\dev\railroadide\railroad\ide\ui\codeeditor\CodeEditorPane.java:899:21 | src\main\java\dev\railroadide\railroad\vcs\git\GitManager.java:1136:16
8	ERROR	SEM_UNRESOLVED_CALL	Cannot resolve call 'labelKey'	src\main\java\dev\railroadide\railroad\form\ui\FormComboBox.java:31:9 | src\main\java\dev\railroadide\railroad\form\ui\FormDirectoryChooser.java:35:9 | src\main\java\dev\railroadide\railroad\form\ui\FormFileChooser.java:25:9 | src\main\java\dev\railroadide\railroad\form\ui\FormRadioButtonGroup.java:30:9 | src\main\java\dev\railroadide\railroad\form\ui\FormTextArea.java:31:9
8	ERROR	SEM_UNRESOLVED_MEMBER	Cannot resolve member 'UNKNOWN'	src\main\java\dev\railroadide\railroad\ide\sst\semantic\api\Type.java:49:25 | src\main\java\dev\railroadide\railroad\plugin\spi\inspection\JavaRuleContext.java:898:35 | src\main\java\dev\railroadide\railroad\plugin\spi\inspection\JavaRuleContext.java:898:68 | src\main\java\dev\railroadide\railroad\plugin\spi\inspection\JavaRuleContext.java:1647:40 | src\main\java\dev\railroadide\railroad\plugin\spi\inspection\JavaRuleContext.java:2231:37
8	ERROR	SEM_UNRESOLVED_CALL	Cannot resolve call 'debug'	src\main\java\dev\railroadide\railroad\ide\runconfig\defaults\JavaApplicationRunConfigurationType.java:139:37 | src\main\java\dev\railroadide\railroad\ide\runconfig\defaults\data\GradleRunConfigurationData.java:170:25 | src\main\java\dev\railroadide\railroad\ide\runconfig\defaults\data\GradleRunConfigurationData.java:283:37 | src\main\java\dev\railroadide\railroad\localization\L18n.java:59:16 | src\main\java\dev\railroadide\railroad\localization\L18n.java:66:24
8	ERROR	SEM_UNRESOLVED_MEMBER	Cannot resolve member 'FILE'	src\main\java\dev\railroadide\railroad\ide\runconfig\defaults\ShellScriptRunConfigurationType.java:146:72 | src\main\java\dev\railroadide\railroad\ide\runconfig\defaults\data\ShellScriptRunConfigurationData.java:23:51 | src\main\java\dev\railroadide\railroad\ide\runconfig\defaults\data\ShellScriptRunConfigurationData.java:55:81 | src\main\java\dev\railroadide\railroad\java\cli\impl\JarsignerCLIBuilder.java:294:65 | src\main\java\dev\railroadide\railroad\java\cli\impl\JarsignerCLIBuilder.java:304:65
8	ERROR	SEM_UNRESOLVED_CALL	Cannot resolve call 'valueProperty'	src\main\java\dev\railroadide\railroad\form\impl\ComboBoxComponent.java:135:48 | src\main\java\dev\railroadide\railroad\form\impl\ComboBoxComponent.java:142:48 | src\main\java\dev\railroadide\railroad\form\impl\RadioButtonGroupComponent.java:65:30 | src\main\java\dev\railroadide\railroad\form\impl\RadioButtonGroupComponent.java:72:30 | src\main\java\dev\railroadide\railroad\form\impl\RadioButtonGroupComponent.java:96:30
8	ERROR	SEM_UNRESOLVED_CALL	Cannot resolve call 'getAsString'	src\main\java\dev\railroadide\railroad\settings\DefaultSettingCodecs.java:157:65 | src\main\java\dev\railroadide\railroad\settings\SettingCodecs.java:30:57 | src\main\java\dev\railroadide\railroad\settings\SettingCodecs.java:61:58 | src\main\java\dev\railroadide\railroad\settings\SettingCodecs.java:89:82 | src\main\java\dev\railroadide\railroad\settings\SettingCodecs.java:98:94
8	ERROR	SEM_UNRESOLVED_CALL	Cannot resolve call 'toList'	src\main\java\dev\railroadide\railroad\gradle\ui\deps\GradleDependenciesPane.java:33:14 | src\main\java\dev\railroadide\railroad\ide\sst\impl\java\JavaLexer.java:415:18 | src\main\java\dev\railroadide\railroad\plugin\spi\inspection\JavaRuleContext.java:1500:139 | src\main\java\dev\railroadide\railroad\plugin\spi\inspection\JavaRuleContext.java:1512:130 | src\main\java\dev\railroadide\railroad\plugin\spi\inspection\JavaRuleContext.java:2530:18
8	ERROR	SEM_UNRESOLVED_MEMBER	Cannot resolve member 'text'	src\main\java\dev\railroadide\railroad\form\impl\TextAreaComponent.java:46:46 | src\main\java\dev\railroadide\railroad\form\impl\TextAreaComponent.java:46:78 | src\main\java\dev\railroadide\railroad\form\impl\TextAreaComponent.java:102:31 | src\main\java\dev\railroadide\railroad\form\impl\TextAreaComponent.java:108:64 | src\main\java\dev\railroadide\railroad\form\impl\TextFieldComponent.java:54:29
8	ERROR	SEM_UNRESOLVED_MEMBER	Cannot resolve member 'required'	src\main\java\dev\railroadide\railroad\form\impl\CheckBoxComponent.java:42:93 | src\main\java\dev\railroadide\railroad\form\impl\ComboBoxComponent.java:63:82 | src\main\java\dev\railroadide\railroad\form\impl\DirectoryChooserComponent.java:47:101 | src\main\java\dev\railroadide\railroad\form\impl\FileChooserComponent.java:37:66 | src\main\java\dev\railroadide\railroad\form\impl\RadioButtonGroupComponent.java:39:29
8	ERROR	SEM_UNCAUGHT_CHECKED_EXCEPTION	Unhandled checked exception 'java.lang.Throwable'	src\main\java\dev\railroadide\railroad\ide\runconfig\RunConfiguration.java:177:14 | src\main\java\dev\railroadide\railroad\plugin\PluginManager.java:185:14 | src\main\java\dev\railroadide\railroad\plugin\PluginManager.java:265:14 | src\main\java\dev\railroadide\railroad\plugin\PluginManager.java:461:14 | src\main\java\dev\railroadide\railroad\settings\Setting.java:237:30
8	ERROR	SEM_INCOMPATIBLE_ASSIGNMENT	Cannot assign 'T' to 'dev.railroadide.railroad.switchboard.pojo.MinecraftVersion'	src\main\java\dev\railroadide\railroad\project\onboarding\creation\step\DownloadFabricExampleModStep.java:33:25 | src\main\java\dev\railroadide\railroad\project\onboarding\creation\step\ResolveFabricMdkVersionStep.java:30:25 | src\main\java\dev\railroadide\railroad\project\onboarding\creation\step\UpdateFabricModJsonStep.java:135:33 | src\main\java\dev\railroadide\railroad\project\onboarding\creation\step\UpdateGradleFilesStep.java:51:25 | src\main\java\dev\railroadide\railroad\project\onboarding\creation\step\UpdateGradleFilesStep.java:57:29
8	ERROR	SEM_UNRESOLVED_CALL	Cannot resolve call 'formatted'	src\main\java\dev\railroadide\railroad\ide\diagnostics\ProjectDiagnosticsScanner.java:210:38 | src\main\java\dev\railroadide\railroad\ide\diagnostics\ProjectDiagnosticsScanner.java:212:32 | src\main\java\dev\railroadide\railroad\ide\diagnostics\ProjectDiagnosticsScanner.java:214:31 | src\main\java\dev\railroadide\railroad\ide\sst\lexer\Token.java:128:47 | src\main\java\dev\railroadide\railroad\ide\ui\git\commit\details\GitCommitDetailsMessageCard.java:37:57
8	ERROR	SEM_UNRESOLVED_MEMBER	Cannot resolve member 'COMMAND'	src\main\java\dev\railroadide\railroad\java\cli\impl\JcmdCLIBuilder.java:32:30 | src\main\java\dev\railroadide\railroad\java\cli\impl\JcmdCLIBuilder.java:124:26 | src\main\java\dev\railroadide\railroad\java\cli\impl\JcmdCLIBuilder.java:137:26 | src\main\java\dev\railroadide\railroad\java\cli\impl\JcmdCLIBuilder.java:148:26 | src\main\java\dev\railroadide\railroad\java\cli\impl\JcmdCLIBuilder.java:161:26
7	ERROR	SEM_MISSING_IMPLEMENTATION	Type is missing implementation for 'getName()'	src\main\java\dev\railroadide\railroad\gradle\ui\deps\GradleDependenciesPane.java:15:1 | src\main\java\dev\railroadide\railroad\gradle\ui\deps\GradleDependencyTreeBuilder.java:18:1 | src\main\java\dev\railroadide\railroad\gradle\ui\task\GradleTaskTreeBuilder.java:23:1 | src\main\java\dev\railroadide\railroad\gradle\ui\task\GradleTasksPane.java:17:1 | src\main\java\dev\railroadide\railroad\ide\diagnostics\EditorDiagnostic.java:10:1
7	ERROR	SEM_UNRESOLVED_MEMBER	Cannot resolve member 'label'	src\main\java\dev\railroadide\railroad\form\impl\CheckBoxComponent.java:42:74 | src\main\java\dev\railroadide\railroad\form\impl\ComboBoxComponent.java:63:63 | src\main\java\dev\railroadide\railroad\form\impl\DirectoryChooserComponent.java:47:82 | src\main\java\dev\railroadide\railroad\form\impl\FileChooserComponent.java:37:57 | src\main\java\dev\railroadide\railroad\form\impl\RadioButtonGroupComponent.java:38:29
7	ERROR	SEM_UNRESOLVED_MEMBER	Cannot resolve member 'METHOD'	src\main\java\dev\railroadide\railroad\ide\sst\impl\java\JavaSemanticAnalyzer.java:772:38 | src\main\java\dev\railroadide\railroad\ide\sst\impl\java\JavaSemanticAnalyzer.java:781:50 | src\main\java\dev\railroadide\railroad\ide\sst\impl\java\JavaSemanticAnalyzer.java:855:38 | src\main\java\dev\railroadide\railroad\ide\sst\impl\java\JavaSemanticAnalyzer.java:872:50 | src\main\java\dev\railroadide\railroad\ide\sst\impl\java\JavaSemanticAnalyzer.java:899:34
7	ERROR	SEM_MISSING_IMPLEMENTATION	Type is missing implementation for 'getDescription()'	src\main\java\dev\railroadide\railroad\gradle\ui\deps\GradleDependenciesPane.java:15:1 | src\main\java\dev\railroadide\railroad\gradle\ui\deps\GradleDependencyTreeBuilder.java:18:1 | src\main\java\dev\railroadide\railroad\gradle\ui\task\GradleTaskTreeBuilder.java:23:1 | src\main\java\dev\railroadide\railroad\gradle\ui\task\GradleTasksPane.java:17:1 | src\main\java\dev\railroadide\railroad\plugin\defaults\DefaultPluginDescriptor.java:11:1
7	ERROR	SEM_UNRESOLVED_CALL	Cannot resolve call 'children'	src\main\java\dev\railroadide\railroad\plugin\spi\inspection\JavaRuleContext.java:856:46 | src\main\java\dev\railroadide\railroad\ui\RRFlowPane.java:29:9 | src\main\java\dev\railroadide\railroad\ui\RRHBox.java:23:9 | src\main\java\dev\railroadide\railroad\ui\RRMenuBar.java:16:9 | src\main\java\dev\railroadide\railroad\ui\RRMenuBar.java:26:9
7	ERROR	SEM_UNRESOLVED_CALL	Cannot resolve call 'LocalizedText'	src\main\java\dev\railroadide\railroad\ide\ui\git\branches\AbstractGitBranchesListView.java:545:38 | src\main\java\dev\railroadide\railroad\ide\ui\git\branches\AbstractGitBranchesListView.java:552:36 | src\main\java\dev\railroadide\railroad\ide\ui\git\branches\AbstractGitBranchesListView.java:559:39 | src\main\java\dev\railroadide\railroad\ide\ui\git\commit\details\GitCommitDetailsMessageCard.java:43:35 | src\main\java\dev\railroadide\railroad\ide\ui\git\remote\GitRemotesListPane.java:93:56
7	ERROR	SEM_UNRESOLVED_TYPE	Cannot resolve type 'ExecutionExceptionInterruptedException'	src\main\java\dev\railroadide\railroad\project\MappingChannelRegistry.java:22:22 | src\main\java\dev\railroadide\railroad\project\onboarding\impl\FabricProjectOnboarding.java:353:30 | src\main\java\dev\railroadide\railroad\project\onboarding\impl\FabricProjectOnboarding.java:388:30 | src\main\java\dev\railroadide\railroad\project\onboarding\impl\FabricProjectOnboarding.java:703:18 | src\main\java\dev\railroadide\railroad\project\onboarding\impl\FabricProjectOnboarding.java:712:18
7	ERROR	SEM_UNRESOLVED_CALL	Cannot resolve call 'parameters'	src\main\java\dev\railroadide\railroad\plugin\spi\inspection\JavaRuleContext.java:1500:66 | src\main\java\dev\railroadide\railroad\plugin\spi\inspection\JavaRuleContext.java:1512:57 | src\main\java\dev\railroadide\railroad\plugin\spi\inspection\JavaRuleContext.java:2528:48 | src\test\java\dev\railroadide\railroad\ide\classparser\ClassStubParserTest.java:25:38 | src\test\java\dev\railroadide\railroad\ide\classparser\ClassStubParserTest.java:29:36
7	ERROR	SEM_UNRESOLVED_TYPE	Cannot resolve type 'NotNullT'	src\main\java\dev\railroadide\railroad\switchboard\cache\CacheManager.java:13:86 | src\main\java\dev\railroadide\railroad\switchboard\cache\CacheManager.java:21:67 | src\main\java\dev\railroadide\railroad\switchboard\cache\MetadataCacheEntry.java:12:15 | src\main\java\dev\railroadide\railroad\switchboard\cache\impl\DelegatingCacheManager.java:27:93 | src\main\java\dev\railroadide\railroad\switchboard\cache\impl\JsonCacheManager.java:45:93
7	ERROR	SEM_UNRESOLVED_MEMBER	Cannot resolve member 'beginOffset'	src\main\java\dev\railroadide\railroad\ide\syntaxhighlighting\ASTJavaSyntaxHighlighting.java:167:79 | src\main\java\dev\railroadide\railroad\ide\syntaxhighlighting\ASTJavaSyntaxHighlighting.java:174:32 | src\main\java\dev\railroadide\railroad\ide\syntaxhighlighting\ASTJavaSyntaxHighlighting.java:175:74 | src\main\java\dev\railroadide\railroad\ide\syntaxhighlighting\ASTJavaSyntaxHighlighting.java:178:73 | src\main\java\dev\railroadide\railroad\ide\syntaxhighlighting\ASTJavaSyntaxHighlighting.java:179:104
7	ERROR	SEM_INCOMPATIBLE_ASSIGNMENT	Cannot assign 'int' to 'java.lang.Integer'	src\main\java\dev\railroadide\railroad\java\JDKUtils.java:89:21 | src\main\java\dev\railroadide\railroad\java\JDKUtils.java:97:17 | src\main\java\dev\railroadide\railroad\java\cli\impl\JstatCLIBuilder.java:255:9 | src\main\java\dev\railroadide\railroad\java\cli\impl\RmiregistryCLIBuilder.java:108:9 | src\main\java\dev\railroadide\railroad\project\onboarding\step\OnboardingFormStep.java:302:13
7	ERROR	SEM_UNRESOLVED_TYPE	Cannot resolve type 'T'	src\test\resources\dev\railroadide\railroad\ide\sst\impl\java\corpus\valid\05_types_generics_annotations.java:17:68 | src\test\resources\dev\railroadide\railroad\ide\sst\impl\java\corpus\valid\05_types_generics_annotations.java:18:49 | src\test\resources\dev\railroadide\railroad\ide\sst\impl\java\corpus\valid\05_types_generics_annotations.java:20:36 | src\test\resources\dev\railroadide\railroad\ide\sst\impl\java\corpus\valid\05_types_generics_annotations.java:24:35 | src\test\resources\dev\railroadide\railroad\ide\sst\impl\java\corpus\valid\05_types_generics_annotations.java:33:5
7	ERROR	SEM_UNRESOLVED_CALL	Cannot resolve call 'count'	src\main\java\dev\railroadide\railroad\form\ui\FormTextArea.java:79:56 | src\main\java\dev\railroadide\railroad\ide\ui\git\commit\details\GitCommitCheckoutButton.java:48:77 | src\main\java\dev\railroadide\railroad\ide\ui\git\commit\details\GitCommitCheckoutButton.java:55:75 | src\main\java\dev\railroadide\railroad\ide\ui\git\commit\details\GitCommitCheckoutButton.java:62:78 | src\main\java\dev\railroadide\railroad\ide\ui\git\commit\details\GitCommitCherryPickButton.java:189:81
7	ERROR	SEM_UNRESOLVED_CALL	Cannot resolve call 'getModules'	src\main\java\dev\railroadide\railroad\ide\language\impl\index\JavaLanguageIndexContextContributor.java:61:62 | src\main\java\dev\railroadide\railroad\ide\language\impl\index\JavaLanguageIndexContextContributor.java:95:62 | src\main\java\dev\railroadide\railroad\ide\language\impl\index\JavaLanguageIndexContextContributor.java:126:62 | src\main\java\dev\railroadide\railroad\ide\language\impl\index\JavaLanguageIndexContextContributor.java:151:62 | src\main\java\dev\railroadide\railroad\ide\language\impl\index\JavaLanguageIndexContextContributor.java:215:33
7	ERROR	SEM_UNRESOLVED_CALL	Cannot resolve call 'removeEventHandler'	src\main\java\dev\railroadide\railroad\form\impl\ComboBoxComponent.java:108:64 | src\main\java\dev\railroadide\railroad\form\impl\DirectoryChooserComponent.java:62:52 | src\main\java\dev\railroadide\railroad\form\impl\FileChooserComponent.java:52:52 | src\main\java\dev\railroadide\railroad\form\impl\TextAreaComponent.java:59:44 | src\main\java\dev\railroadide\railroad\form\impl\TextFieldComponent.java:74:45
6	ERROR	SEM_UNRESOLVED_CALL	Cannot resolve call 'getFlag'	src\main\java\dev\railroadide\railroad\java\cli\impl\JarCLIBuilder.java:504:39 | src\main\java\dev\railroadide\railroad\java\cli\impl\JarCLIBuilder.java:506:39 | src\main\java\dev\railroadide\railroad\java\cli\impl\JarsignerCLIBuilder.java:696:27 | src\main\java\dev\railroadide\railroad\java\cli\impl\JarsignerCLIBuilder.java:697:39 | src\main\java\dev\railroadide\railroad\java\cli\impl\JavapCLIBuilder.java:135:39
6	ERROR	SEM_UNRESOLVED_TYPE	Cannot resolve type 'NullableI'	src\main\java\dev\railroadide\railroad\ide\language\index\ProjectLanguageIndexService.java:72:76 | src\main\java\dev\railroadide\railroad\ide\language\index\ProjectLanguageIndexService.java:77:76 | src\main\java\dev\railroadide\railroad\ide\language\index\ProjectLanguageIndexService.java:118:76 | src\main\java\dev\railroadide\railroad\ide\language\index\ProjectLanguageIndexService.java:123:76 | src\main\java\dev\railroadide\railroad\ide\language\index\ProjectLanguageIndexService.java:154:76
6	ERROR	SEM_UNRESOLVED_CALL	Cannot resolve call 'info'	src\main\java\dev\railroadide\railroad\project\ProjectManager.java:37:33 | src\main\java\dev\railroadide\railroad\project\facet\FacetManager.java:174:33 | src\main\java\dev\railroadide\railroad\theme\ThemeDownloadManager.java:55:16 | src\main\java\dev\railroadide\railroad\theme\ThemeDownloadManager.java:58:20 | src\main\java\dev\railroadide\railroad\theme\ThemeDownloadManager.java:64:20
6	ERROR	SEM_INCOMPATIBLE_ASSIGNMENT	Cannot assign 'T' to 'com.google.gson.JsonObject'	src\main\java\dev\railroadide\railroad\ide\ui\setup\TerminalFactory.java:225:27 | src\main\java\dev\railroadide\railroad\plugin\PluginLoader.java:62:23 | src\main\java\dev\railroadide\railroad\project\facet\detector\FabricFacetDetector.java:39:23 | src\main\java\dev\railroadide\railroad\project\minecraft\pistonmeta\Library.java:55:19 | src\main\java\dev\railroadide\railroad\project\onboarding\creation\step\UpdateFabricModJsonStep.java:46:19
6	ERROR	SEM_UNRESOLVED_CALL	Cannot resolve call 'add'	src\main\java\dev\railroadide\railroad\form\FormComponent.java:307:38 | src\main\java\dev\railroadide\railroad\form\FormComponent.java:313:38 | src\main\java\dev\railroadide\railroad\ide\ui\setup\PaneIconBarFactory.java:35:29 | src\main\java\dev\railroadide\railroad\ide\ui\setup\PaneIconBarFactory.java:62:31 | src\main\java\dev\railroadide\railroad\settings\SettingsSearchHandler.java:103:38
6	ERROR	SEM_UNRESOLVED_CALL	Cannot resolve call 'replace'	src\main\java\dev\railroadide\railroad\ide\projectexplorer\dialog\CreateFileDialog.java:88:22 | src\main\java\dev\railroadide\railroad\ide\projectexplorer\dialog\CreateFileDialog.java:87:22 | src\main\java\dev\railroadide\railroad\java\cli\impl\JavaExecutableCLIBuilder.java:3316:59 | src\main\java\dev\railroadide\railroad\java\cli\impl\JavaExecutableCLIBuilder.java:3627:65 | src\main\java\dev\railroadide\railroad\project\onboarding\creation\step\UpdateFabricModJsonStep.java:164:26
6	ERROR	SEM_UNRESOLVED_CALL	Cannot resolve call 'Opcodes'	src\main\java\dev\railroadide\railroad\ide\classparser\ClassStubVisitor.java:24:9 | src\main\java\dev\railroadide\railroad\ide\classparser\ClassStubVisitor.java:165:13 | src\main\java\dev\railroadide\railroad\ide\classparser\ClassStubVisitor.java:189:13 | src\main\java\dev\railroadide\railroad\ide\classparser\ClassStubVisitor.java:225:13 | src\main\java\dev\railroadide\railroad\ide\classparser\ClassStubVisitor.java:314:13
6	ERROR	SEM_INVALID_OVERRIDE	Invalid override for 'toJson'	src\main\java\dev\railroadide\railroad\config\Config.java:69:5 | src\main\java\dev\railroadide\railroad\config\PluginSettings.java:10:5 | src\main\java\dev\railroadide\railroad\project\RailroadProject.java:238:5 | src\main\java\dev\railroadide\railroad\settings\handler\SettingsHolder.java:36:5 | src\test\java\dev\railroadide\railroad\ide\language\index\ProjectLanguageIndexCoordinatorTest.java:224:9
6	ERROR	SEM_MISSING_IMPLEMENTATION	Type is missing implementation for 'fromJson(T)'	src\main\java\dev\railroadide\railroad\config\Config.java:15:1 | src\main\java\dev\railroadide\railroad\project\RailroadProject.java:45:1 | src\main\java\dev\railroadide\railroad\settings\handler\SettingsHolder.java:19:1 | src\main\java\dev\railroadide\railroad\ui\nodes\ProjectListCell.java:37:1 | src\test\java\dev\railroadide\railroad\ide\language\index\ProjectLanguageIndexCoordinatorTest.java:118:5
6	ERROR	SEM_UNRESOLVED_CALL	Cannot resolve call 'textProperty'	src\main\java\dev\railroadide\railroad\form\impl\DirectoryChooserComponent.java:82:63 | src\main\java\dev\railroadide\railroad\form\impl\DirectoryChooserComponent.java:89:63 | src\main\java\dev\railroadide\railroad\form\impl\FileChooserComponent.java:74:63 | src\main\java\dev\railroadide\railroad\form\impl\FileChooserComponent.java:81:63 | src\main\java\dev\railroadide\railroad\form\impl\TextAreaComponent.java:79:40
6	ERROR	SEM_UNRESOLVED_MEMBER	Cannot resolve member 'defaultPath'	src\main\java\dev\railroadide\railroad\form\impl\DirectoryChooserComponent.java:47:123 | src\main\java\dev\railroadide\railroad\form\impl\DirectoryChooserComponent.java:107:31 | src\main\java\dev\railroadide\railroad\form\impl\DirectoryChooserComponent.java:113:79 | src\main\java\dev\railroadide\railroad\form\impl\FileChooserComponent.java:37:78 | src\main\java\dev\railroadide\railroad\form\impl\FileChooserComponent.java:99:31
6	ERROR	SEM_UNRESOLVED_TYPE	Cannot resolve type 'IOExceptionURISyntaxException'	src\main\java\dev\railroadide\railroad\project\minecraft\pistonmeta\Download.java:38:18 | src\main\java\dev\railroadide\railroad\theme\ThemeManager.java:43:18 | src\main\java\dev\railroadide\railroad\theme\ThemeManager.java:104:26 | src\main\java\dev\railroadide\railroad\utility\DesktopUtils.java:22:18 | src\main\java\dev\railroadide\railroad\utility\FileUtils.java:58:18
6	ERROR	SEM_INCOMPATIBLE_ASSIGNMENT	Cannot assign 'java.lang.Integer' to 'int'	src\main\java\dev\railroadide\railroad\ide\diagnostics\inspections\CoreFeatureEnvyInspection.java:96:20 | src\main\java\dev\railroadide\railroad\ide\ui\JavaCodeEditorPane.java:153:16 | src\main\java\dev\railroadide\railroad\ide\ui\JsonCodeEditorPane.java:197:16 | src\main\java\dev\railroadide\railroad\ide\ui\JsonCodeEditorPane.java:198:16 | src\main\java\dev\railroadide\railroad\ide\ui\setup\RunControlsPane.java:371:16
6	ERROR	SEM_UNRESOLVED_MEMBER	Cannot resolve member 'breakExits'	src\main\java\dev\railroadide\railroad\ide\diagnostics\inspections\CoreDefiniteAssignmentInspection.java:1565:49 | src\main\java\dev\railroadide\railroad\ide\diagnostics\inspections\CoreDefiniteAssignmentInspection.java:1565:67 | src\main\java\dev\railroadide\railroad\ide\diagnostics\inspections\CoreDefiniteAssignmentInspection.java:1593:42 | src\main\java\dev\railroadide\railroad\ide\diagnostics\inspections\CoreDefiniteAssignmentInspection.java:1728:54 | src\main\java\dev\railroadide\railroad\ide\diagnostics\inspections\CoreDefiniteAssignmentInspection.java:1728:72
6	ERROR	SEM_UNRESOLVED_CALL	Cannot resolve call 'printf'	src\main\java\dev\railroadide\railroad\ide\sst\impl\java\JavaParserBenchmarkRunner.java:49:20 | src\main\java\dev\railroadide\railroad\ide\sst\impl\java\JavaParserBenchmarkRunner.java:144:24 | src\main\java\dev\railroadide\railroad\ide\sst\impl\java\JavaParserBenchmarkRunner.java:172:24 | src\main\java\dev\railroadide\railroad\ide\sst\impl\java\JavaParserBenchmarkRunner.java:200:20 | src\main\java\dev\railroadide\railroad\ide\sst\impl\java\JavaParserBenchmarkRunner.java:207:20
6	ERROR	SEM_INCOMPATIBLE_ASSIGNMENT	Cannot assign 'NullableI' to 'dev.railroadide.railroad.ide.sst.project.JavaProjectSemanticIndex'	src\main\java\dev\railroadide\railroad\ide\language\impl\index\JavaAnalysisContextProvider.java:39:33 | src\test\java\dev\railroadide\railroad\ide\language\index\ProjectLanguageIndexCoordinatorTest.java:54:33 | src\test\java\dev\railroadide\railroad\ide\language\index\ProjectLanguageIndexCoordinatorTest.java:87:33 | src\test\java\dev\railroadide\railroad\ide\language\index\ProjectLanguageIndexCoordinatorTest.java:93:33 | src\test\java\dev\railroadide\railroad\ide\sst\project\ProjectLanguageIndexServiceTest.java:245:37
6	ERROR	SEM_UNRESOLVED_CALL	Cannot resolve call 'flatMap'	src\main\java\dev\railroadide\railroad\ide\language\impl\index\JavaLanguageIndexContextContributor.java:217:22 | src\main\java\dev\railroadide\railroad\ide\runconfig\defaults\data\GradleRunConfigurationData.java:317:18 | src\main\java\dev\railroadide\railroad\project\onboarding\impl\ForgeProjectOnboarding.java:694:22 | src\main\java\dev\railroadide\railroad\project\onboarding\impl\ForgeProjectOnboarding.java:692:22 | src\main\java\dev\railroadide\railroad\project\onboarding\impl\NeoforgeProjectOnboarding.java:694:22
6	ERROR	SEM_UNRESOLVED_CALL	Cannot resolve call 'key'	src\main\java\dev\railroadide\railroad\form\ui\InformativeLabeledHBox.java:196:13 | src\main\java\dev\railroadide\railroad\java\JDK.java:173:13 | src\main\java\dev\railroadide\railroad\java\JDK.java:182:13 | src\main\java\dev\railroadide\railroad\ui\localized\LocalizedMenuItem.java:34:9 | src\main\java\dev\railroadide\railroad\ui\localized\LocalizedMenuItem.java:45:9
6	ERROR	SEM_UNRESOLVED_CALL	Cannot resolve call 'setProperty'	src\main\java\dev\railroadide\railroad\ui\layout\LayoutParser.java:95:39 | src\main\java\dev\railroadide\railroad\ui\layout\LayoutParser.java:104:39 | src\main\java\dev\railroadide\railroad\ui\layout\LayoutParser.java:113:39 | src\main\java\dev\railroadide\railroad\ui\layout\LayoutParser.java:123:43 | src\main\java\dev\railroadide\railroad\ui\layout\LayoutParser.java:136:39
5	ERROR	SEM_INCOMPATIBLE_ASSIGNMENT	Cannot assign 'java.util.Optional' to 'dev.railroadide.railroad.ide.sst.project.JavaProjectSemanticIndex$SymbolDescriptor'	src\main\java\dev\railroadide\railroad\ide\sst\impl\java\JavaSemanticAnalyzer.java:2118:54 | src\main\java\dev\railroadide\railroad\ide\sst\impl\java\JavaSemanticAnalyzer.java:2533:54 | src\main\java\dev\railroadide\railroad\ide\sst\impl\java\JavaSemanticAnalyzer.java:2726:54 | src\main\java\dev\railroadide\railroad\plugin\spi\inspection\JavaRuleContext.java:2460:50 | src\main\java\dev\railroadide\railroad\plugin\spi\inspection\JavaRuleContext.java:2694:50
5	ERROR	SEM_INVALID_OVERRIDE	Invalid override for 'createDataInstance'	src\main\java\dev\railroadide\railroad\ide\runconfig\defaults\CompoundRunConfigurationType.java:60:5 | src\main\java\dev\railroadide\railroad\ide\runconfig\defaults\GradleRunConfigurationType.java:72:5 | src\main\java\dev\railroadide\railroad\ide\runconfig\defaults\JarApplicationRunConfigurationType.java:100:5 | src\main\java\dev\railroadide\railroad\ide\runconfig\defaults\JavaApplicationRunConfigurationType.java:69:5 | src\main\java\dev\railroadide\railroad\ide\runconfig\defaults\ShellScriptRunConfigurationType.java:71:5
5	ERROR	SEM_UNRESOLVED_CALL	Cannot resolve call 'startsWith'	src\main\java\dev\railroadide\railroad\ide\indexing\Autocomplete.java:34:38 | src\main\java\dev\railroadide\railroad\ide\ui\git\remote\GitRemoteActionsPane.java:91:54 | src\main\java\dev\railroadide\railroad\ide\ui\git\remote\GitRemoteActionsPane.java:91:92 | src\test\java\dev\railroadide\railroad\ide\sst\impl\java\JavaParserCorpusTest.java:71:39 | src\test\java\dev\railroadide\railroad\ide\sst\impl\java\JavaParserParitySupport.java:98:90
5	ERROR	SEM_UNRESOLVED_CALL	Cannot resolve call 'isJsonNull'	src\main\java\dev\railroadide\railroad\settings\SettingCodecs.java:89:55 | src\main\java\dev\railroadide\railroad\settings\SettingCodecs.java:98:55 | src\main\java\dev\railroadide\railroad\settings\SettingCodecs.java:107:55 | src\main\java\dev\railroadide\railroad\settings\SettingCodecs.java:153:56 | src\main\java\dev\railroadide\railroad\settings\SettingCodecs.java:171:56
5	ERROR	SEM_INCOMPATIBLE_ASSIGNMENT	Cannot assign 'java.lang.String' to 'java.lang.String[]'	src\main\java\dev\railroadide\railroad\ide\runconfig\defaults\JarApplicationRunConfigurationType.java:68:9 | src\main\java\dev\railroadide\railroad\ide\runconfig\defaults\JarApplicationRunConfigurationType.java:70:9 | src\main\java\dev\railroadide\railroad\ide\runconfig\defaults\JarApplicationRunConfigurationType.java:71:9 | src\main\java\dev\railroadide\railroad\vcs\git\execution\GitProcessRunner.java:291:9 | src\main\java\dev\railroadide\railroad\vcs\git\execution\GitProcessRunner.java:298:13
5	ERROR	SEM_UNRESOLVED_MEMBER	Cannot resolve member 'SIGN'	src\main\java\dev\railroadide\railroad\java\cli\impl\JarsignerCLIBuilder.java:33:57 | src\main\java\dev\railroadide\railroad\java\cli\impl\JarsignerCLIBuilder.java:99:44 | src\main\java\dev\railroadide\railroad\java\cli\impl\JarsignerCLIBuilder.java:116:44 | src\main\java\dev\railroadide\railroad\java\cli\impl\JarsignerCLIBuilder.java:684:44 | src\main\java\dev\railroadide\railroad\java\cli\impl\JarsignerCLIBuilder.java:703:48
5	ERROR	SEM_INCOMPATIBLE_ASSIGNMENT	Cannot assign 'java.util.stream.Stream' to 'java.util.List'	src\main\java\dev\railroadide\railroad\ide\ui\codeeditor\CodeEditorPane.java:523:29 | src\main\java\dev\railroadide\railroad\ide\ui\git\branches\AbstractGitBranchesListView.java:233:21 | src\main\java\dev\railroadide\railroad\project\onboarding\creation\step\UpdateForgeModsTomlStep.java:45:9 | src\main\java\dev\railroadide\railroad\ui\RRAutoCompleteTextField.java:112:25 | src\main\java\dev\railroadide\railroad\ui\RRAutoCompleteTextField.java:121:21
5	ERROR	SEM_UNASSIGNED_VARIABLE	Variable 'd' might not have been initialized	src\main\java\dev\railroadide\railroad\ide\sst\impl\java\JavaLexer.java:681:40 | src\main\java\dev\railroadide\railroad\ide\sst\impl\java\JavaLexer.java:684:57 | src\main\java\dev\railroadide\railroad\ide\sst\impl\java\JavaLexer.java:695:29 | src\main\java\dev\railroadide\railroad\ide\sst\impl\java\JavaLexer.java:695:39 | src\main\java\dev\railroadide\railroad\ide\sst\impl\java\JavaLexer.java:696:47
5	ERROR	SEM_INCOMPATIBLE_ASSIGNMENT	Cannot assign 'int' to 'int[][]'	src\main\java\dev\railroadide\railroad\utility\StringUtils.java:181:16 | src\main\java\dev\railroadide\railroad\utility\StringUtils.java:184:46 | src\main\java\dev\railroadide\railroad\utility\StringUtils.java:185:46 | src\main\java\dev\railroadide\railroad\utility\StringUtils.java:191:17 | src\test\resources\dev\railroadide\railroad\ide\sst\impl\java\corpus\valid\07_expressions_all_forms.java:10:16
5	ERROR	SEM_INCOMPATIBLE_ASSIGNMENT	Cannot assign 'dev.railroadide.railroad.ide.sst.project.JavaProjectSemanticIndex.Builder' to 'dev.railroadide.railroad.ide.sst.project.JavaProjectSemanticIndex$Builder'	src\main\java\dev\railroadide\railroad\ide\language\impl\index\JavaProjectLanguageIndexer.java:30:41 | src\main\java\dev\railroadide\railroad\ide\language\impl\index\JavaProjectLanguageIndexer.java:47:41 | src\main\java\dev\railroadide\railroad\ide\language\impl\index\JavaProjectLanguageIndexer.java:60:41 | src\main\java\dev\railroadide\railroad\ide\sst\project\JavaProjectSemanticIndexer.java:45:41 | src\main\java\dev\railroadide\railroad\ide\sst\project\JavaProjectSemanticPersistence.java:46:45
5	ERROR	SEM_UNRESOLVED_MEMBER	Cannot resolve member 'ARRAY'	src\main\java\dev\railroadide\railroad\ide\sst\semantic\api\Type.java:107:25 | src\main\java\dev\railroadide\railroad\plugin\spi\inspection\JavaRuleContext.java:906:35 | src\main\java\dev\railroadide\railroad\plugin\spi\inspection\JavaRuleContext.java:906:66 | src\main\java\dev\railroadide\railroad\plugin\spi\inspection\JavaRuleContext.java:912:69 | src\main\java\dev\railroadide\railroad\plugin\spi\inspection\JavaRuleContext.java:2378:96
5	ERROR	SEM_UNRESOLVED_CALL	Cannot resolve call 'rule'	src\main\java\dev\railroadide\railroad\ide\diagnostics\ui\JavaInspectionRuleSettingsPane.java:67:42 | src\main\java\dev\railroadide\railroad\ide\diagnostics\ui\JavaInspectionRuleSettingsPane.java:72:39 | src\main\java\dev\railroadide\railroad\ide\diagnostics\ui\JavaInspectionRuleSettingsPane.java:87:88 | src\main\java\dev\railroadide\railroad\ide\diagnostics\ui\JavaInspectionRuleSettingsPane.java:88:87 | src\main\java\dev\railroadide\railroad\ide\diagnostics\ui\JavaInspectionRuleSettingsPane.java:165:45
5	ERROR	SEM_UNRESOLVED_CALL	Cannot resolve call 'getMode'	src\main\java\dev\railroadide\railroad\java\cli\impl\JavaExecutableCLIBuilder.java:270:62 | src\main\java\dev\railroadide\railroad\java\cli\impl\JavaExecutableCLIBuilder.java:807:51 | src\main\java\dev\railroadide\railroad\java\cli\impl\JavaExecutableCLIBuilder.java:980:70 | src\main\java\dev\railroadide\railroad\java\cli\impl\JavaExecutableCLIBuilder.java:1493:59 | src\main\java\dev\railroadide\railroad\java\cli\impl\JshellCLIBuilder.java:216:34
5	ERROR	SEM_UNRESOLVED_CALL	Cannot resolve call 'DefaultConfigurationOption'	src\main\java\dev\railroadide\railroad\project\onboarding\creation\step\RenameClassesStep.java:20:23 | src\main\java\dev\railroadide\railroad\project\onboarding\creation\step\RenameClassesStep.java:21:23 | src\main\java\dev\railroadide\railroad\project\onboarding\creation\step\RenameClassesStep.java:22:23 | src\main\java\dev\railroadide\railroad\project\onboarding\creation\step\RenameClassesStep.java:23:23 | src\main\java\dev\railroadide\railroad\project\onboarding\creation\step\RenameClassesStep.java:24:23
5	ERROR	SEM_MISSING_IMPLEMENTATION	Type is missing implementation for 'remove(int)'	src\main\java\dev\railroadide\railroad\project\creation\modjson\EntrypointContainer.java:9:1 | src\main\java\dev\railroadide\railroad\project\creation\modjson\adapter\EntrypointListTypeAdapter.java:14:1 | src\main\java\dev\railroadide\railroad\project\creation\modjson\adapter\MixinListTypeAdapter.java:14:1 | src\main\java\dev\railroadide\railroad\project\creation\modjson\adapter\PersonListTypeAdapter.java:14:1 | src\main\java\dev\railroadide\railroad\project\creation\modjson\adapter\StringOrStringArrayTypeAdapter.java:13:1
5	ERROR	SEM_MISSING_IMPLEMENTATION	Type is missing implementation for 'addAll(java.util.Collection)'	src\main\java\dev\railroadide\railroad\project\creation\modjson\EntrypointContainer.java:9:1 | src\main\java\dev\railroadide\railroad\project\creation\modjson\adapter\EntrypointListTypeAdapter.java:14:1 | src\main\java\dev\railroadide\railroad\project\creation\modjson\adapter\MixinListTypeAdapter.java:14:1 | src\main\java\dev\railroadide\railroad\project\creation\modjson\adapter\PersonListTypeAdapter.java:14:1 | src\main\java\dev\railroadide\railroad\project\creation\modjson\adapter\StringOrStringArrayTypeAdapter.java:13:1
5	ERROR	SEM_MISSING_IMPLEMENTATION	Type is missing implementation for 'iterator()'	src\main\java\dev\railroadide\railroad\project\creation\modjson\EntrypointContainer.java:9:1 | src\main\java\dev\railroadide\railroad\project\creation\modjson\adapter\EntrypointListTypeAdapter.java:14:1 | src\main\java\dev\railroadide\railroad\project\creation\modjson\adapter\MixinListTypeAdapter.java:14:1 | src\main\java\dev\railroadide\railroad\project\creation\modjson\adapter\PersonListTypeAdapter.java:14:1 | src\main\java\dev\railroadide\railroad\project\creation\modjson\adapter\StringOrStringArrayTypeAdapter.java:13:1
5	ERROR	SEM_MISSING_IMPLEMENTATION	Type is missing implementation for 'indexOf(java.lang.Object)'	src\main\java\dev\railroadide\railroad\project\creation\modjson\EntrypointContainer.java:9:1 | src\main\java\dev\railroadide\railroad\project\creation\modjson\adapter\EntrypointListTypeAdapter.java:14:1 | src\main\java\dev\railroadide\railroad\project\creation\modjson\adapter\MixinListTypeAdapter.java:14:1 | src\main\java\dev\railroadide\railroad\project\creation\modjson\adapter\PersonListTypeAdapter.java:14:1 | src\main\java\dev\railroadide\railroad\project\creation\modjson\adapter\StringOrStringArrayTypeAdapter.java:13:1
5	ERROR	SEM_MISSING_IMPLEMENTATION	Type is missing implementation for 'containsAll(java.util.Collection)'	src\main\java\dev\railroadide\railroad\project\creation\modjson\EntrypointContainer.java:9:1 | src\main\java\dev\railroadide\railroad\project\creation\modjson\adapter\EntrypointListTypeAdapter.java:14:1 | src\main\java\dev\railroadide\railroad\project\creation\modjson\adapter\MixinListTypeAdapter.java:14:1 | src\main\java\dev\railroadide\railroad\project\creation\modjson\adapter\PersonListTypeAdapter.java:14:1 | src\main\java\dev\railroadide\railroad\project\creation\modjson\adapter\StringOrStringArrayTypeAdapter.java:13:1
5	ERROR	SEM_MISSING_IMPLEMENTATION	Type is missing implementation for 'subList(int,int)'	src\main\java\dev\railroadide\railroad\project\creation\modjson\EntrypointContainer.java:9:1 | src\main\java\dev\railroadide\railroad\project\creation\modjson\adapter\EntrypointListTypeAdapter.java:14:1 | src\main\java\dev\railroadide\railroad\project\creation\modjson\adapter\MixinListTypeAdapter.java:14:1 | src\main\java\dev\railroadide\railroad\project\creation\modjson\adapter\PersonListTypeAdapter.java:14:1 | src\main\java\dev\railroadide\railroad\project\creation\modjson\adapter\StringOrStringArrayTypeAdapter.java:13:1
5	ERROR	SEM_MISSING_IMPLEMENTATION	Type is missing implementation for 'toArray()'	src\main\java\dev\railroadide\railroad\project\creation\modjson\EntrypointContainer.java:9:1 | src\main\java\dev\railroadide\railroad\project\creation\modjson\adapter\EntrypointListTypeAdapter.java:14:1 | src\main\java\dev\railroadide\railroad\project\creation\modjson\adapter\MixinListTypeAdapter.java:14:1 | src\main\java\dev\railroadide\railroad\project\creation\modjson\adapter\PersonListTypeAdapter.java:14:1 | src\main\java\dev\railroadide\railroad\project\creation\modjson\adapter\StringOrStringArrayTypeAdapter.java:13:1
5	ERROR	SEM_UNRESOLVED_CALL	Cannot resolve call 'getTextArea'	src\main\java\dev\railroadide\railroad\form\impl\TextAreaComponent.java:55:39 | src\main\java\dev\railroadide\railroad\form\impl\TextAreaComponent.java:59:30 | src\main\java\dev\railroadide\railroad\form\impl\TextAreaComponent.java:63:30 | src\main\java\dev\railroadide\railroad\form\impl\TextAreaComponent.java:79:26 | src\main\java\dev\railroadide\railroad\form\impl\TextAreaComponent.java:83:46
5	ERROR	SEM_MISSING_IMPLEMENTATION	Type is missing implementation for 'get(int)'	src\main\java\dev\railroadide\railroad\project\creation\modjson\EntrypointContainer.java:9:1 | src\main\java\dev\railroadide\railroad\project\creation\modjson\adapter\EntrypointListTypeAdapter.java:14:1 | src\main\java\dev\railroadide\railroad\project\creation\modjson\adapter\MixinListTypeAdapter.java:14:1 | src\main\java\dev\railroadide\railroad\project\creation\modjson\adapter\PersonListTypeAdapter.java:14:1 | src\main\java\dev\railroadide\railroad\project\creation\modjson\adapter\StringOrStringArrayTypeAdapter.java:13:1
5	ERROR	SEM_MISSING_IMPLEMENTATION	Type is missing implementation for 'retainAll(java.util.Collection)'	src\main\java\dev\railroadide\railroad\project\creation\modjson\EntrypointContainer.java:9:1 | src\main\java\dev\railroadide\railroad\project\creation\modjson\adapter\EntrypointListTypeAdapter.java:14:1 | src\main\java\dev\railroadide\railroad\project\creation\modjson\adapter\MixinListTypeAdapter.java:14:1 | src\main\java\dev\railroadide\railroad\project\creation\modjson\adapter\PersonListTypeAdapter.java:14:1 | src\main\java\dev\railroadide\railroad\project\creation\modjson\adapter\StringOrStringArrayTypeAdapter.java:13:1
5	ERROR	SEM_MISSING_IMPLEMENTATION	Type is missing implementation for 'set(int,E)'	src\main\java\dev\railroadide\railroad\project\creation\modjson\EntrypointContainer.java:9:1 | src\main\java\dev\railroadide\railroad\project\creation\modjson\adapter\EntrypointListTypeAdapter.java:14:1 | src\main\java\dev\railroadide\railroad\project\creation\modjson\adapter\MixinListTypeAdapter.java:14:1 | src\main\java\dev\railroadide\railroad\project\creation\modjson\adapter\PersonListTypeAdapter.java:14:1 | src\main\java\dev\railroadide\railroad\project\creation\modjson\adapter\StringOrStringArrayTypeAdapter.java:13:1
5	ERROR	SEM_MISSING_IMPLEMENTATION	Type is missing implementation for 'addAll(int,java.util.Collection)'	src\main\java\dev\railroadide\railroad\project\creation\modjson\EntrypointContainer.java:9:1 | src\main\java\dev\railroadide\railroad\project\creation\modjson\adapter\EntrypointListTypeAdapter.java:14:1 | src\main\java\dev\railroadide\railroad\project\creation\modjson\adapter\MixinListTypeAdapter.java:14:1 | src\main\java\dev\railroadide\railroad\project\creation\modjson\adapter\PersonListTypeAdapter.java:14:1 | src\main\java\dev\railroadide\railroad\project\creation\modjson\adapter\StringOrStringArrayTypeAdapter.java:13:1
5	ERROR	SEM_MISSING_IMPLEMENTATION	Type is missing implementation for 'removeAll(java.util.Collection)'	src\main\java\dev\railroadide\railroad\project\creation\modjson\EntrypointContainer.java:9:1 | src\main\java\dev\railroadide\railroad\project\creation\modjson\adapter\EntrypointListTypeAdapter.java:14:1 | src\main\java\dev\railroadide\railroad\project\creation\modjson\adapter\MixinListTypeAdapter.java:14:1 | src\main\java\dev\railroadide\railroad\project\creation\modjson\adapter\PersonListTypeAdapter.java:14:1 | src\main\java\dev\railroadide\railroad\project\creation\modjson\adapter\StringOrStringArrayTypeAdapter.java:13:1
5	ERROR	SEM_MISSING_IMPLEMENTATION	Type is missing implementation for 'add(int,E)'	src\main\java\dev\railroadide\railroad\project\creation\modjson\EntrypointContainer.java:9:1 | src\main\java\dev\railroadide\railroad\project\creation\modjson\adapter\EntrypointListTypeAdapter.java:14:1 | src\main\java\dev\railroadide\railroad\project\creation\modjson\adapter\MixinListTypeAdapter.java:14:1 | src\main\java\dev\railroadide\railroad\project\creation\modjson\adapter\PersonListTypeAdapter.java:14:1 | src\main\java\dev\railroadide\railroad\project\creation\modjson\adapter\StringOrStringArrayTypeAdapter.java:13:1
5	ERROR	SEM_MISSING_IMPLEMENTATION	Type is missing implementation for 'lastIndexOf(java.lang.Object)'	src\main\java\dev\railroadide\railroad\project\creation\modjson\EntrypointContainer.java:9:1 | src\main\java\dev\railroadide\railroad\project\creation\modjson\adapter\EntrypointListTypeAdapter.java:14:1 | src\main\java\dev\railroadide\railroad\project\creation\modjson\adapter\MixinListTypeAdapter.java:14:1 | src\main\java\dev\railroadide\railroad\project\creation\modjson\adapter\PersonListTypeAdapter.java:14:1 | src\main\java\dev\railroadide\railroad\project\creation\modjson\adapter\StringOrStringArrayTypeAdapter.java:13:1
5	ERROR	SEM_MISSING_IMPLEMENTATION	Type is missing implementation for 'contains(java.lang.Object)'	src\main\java\dev\railroadide\railroad\project\creation\modjson\EntrypointContainer.java:9:1 | src\main\java\dev\railroadide\railroad\project\creation\modjson\adapter\EntrypointListTypeAdapter.java:14:1 | src\main\java\dev\railroadide\railroad\project\creation\modjson\adapter\MixinListTypeAdapter.java:14:1 | src\main\java\dev\railroadide\railroad\project\creation\modjson\adapter\PersonListTypeAdapter.java:14:1 | src\main\java\dev\railroadide\railroad\project\creation\modjson\adapter\StringOrStringArrayTypeAdapter.java:13:1
5	ERROR	SEM_MISSING_IMPLEMENTATION	Type is missing implementation for 'add(E)'	src\main\java\dev\railroadide\railroad\project\creation\modjson\EntrypointContainer.java:9:1 | src\main\java\dev\railroadide\railroad\project\creation\modjson\adapter\EntrypointListTypeAdapter.java:14:1 | src\main\java\dev\railroadide\railroad\project\creation\modjson\adapter\MixinListTypeAdapter.java:14:1 | src\main\java\dev\railroadide\railroad\project\creation\modjson\adapter\PersonListTypeAdapter.java:14:1 | src\main\java\dev\railroadide\railroad\project\creation\modjson\adapter\StringOrStringArrayTypeAdapter.java:13:1
5	ERROR	SEM_DUPLICATE_DECLARATION	Duplicate declaration for 'entry'	src\main\java\dev\railroadide\railroad\config\Config.java:93:14 | src\main\java\dev\railroadide\railroad\config\Config.java:101:14 | src\main\java\dev\railroadide\railroad\config\Config.java:109:14 | src\main\java\dev\railroadide\railroad\plugin\spi\inspection\JavaRuleContext.java:1063:14 | src\main\java\dev\railroadide\railroad\settings\handler\SettingsHolder.java:55:14
5	ERROR	SEM_MISSING_IMPLEMENTATION	Type is missing implementation for 'listIterator(int)'	src\main\java\dev\railroadide\railroad\project\creation\modjson\EntrypointContainer.java:9:1 | src\main\java\dev\railroadide\railroad\project\creation\modjson\adapter\EntrypointListTypeAdapter.java:14:1 | src\main\java\dev\railroadide\railroad\project\creation\modjson\adapter\MixinListTypeAdapter.java:14:1 | src\main\java\dev\railroadide\railroad\project\creation\modjson\adapter\PersonListTypeAdapter.java:14:1 | src\main\java\dev\railroadide\railroad\project\creation\modjson\adapter\StringOrStringArrayTypeAdapter.java:13:1
5	ERROR	SEM_UNRESOLVED_MEMBER	Cannot resolve member 'translate'	src\main\java\dev\railroadide\railroad\form\impl\ComboBoxComponent.java:63:126 | src\main\java\dev\railroadide\railroad\form\impl\ComboBoxComponent.java:64:30 | src\main\java\dev\railroadide\railroad\form\impl\ComboBoxComponent.java:94:67 | src\main\java\dev\railroadide\railroad\form\impl\TextAreaComponent.java:47:191 | src\main\java\dev\railroadide\railroad\form\impl\TextFieldComponent.java:53:150
5	ERROR	SEM_MISSING_IMPLEMENTATION	Type is missing implementation for 'listIterator()'	src\main\java\dev\railroadide\railroad\project\creation\modjson\EntrypointContainer.java:9:1 | src\main\java\dev\railroadide\railroad\project\creation\modjson\adapter\EntrypointListTypeAdapter.java:14:1 | src\main\java\dev\railroadide\railroad\project\creation\modjson\adapter\MixinListTypeAdapter.java:14:1 | src\main\java\dev\railroadide\railroad\project\creation\modjson\adapter\PersonListTypeAdapter.java:14:1 | src\main\java\dev\railroadide\railroad\project\creation\modjson\adapter\StringOrStringArrayTypeAdapter.java:13:1
5	ERROR	SEM_UNRESOLVED_CALL	Cannot resolve call 'remove'	src\main\java\dev\railroadide\railroad\form\FormComponent.java:304:34 | src\main\java\dev\railroadide\railroad\form\FormComponent.java:310:34 | src\main\java\dev\railroadide\railroad\ide\ui\setup\PaneIconBarFactory.java:67:48 | src\main\java\dev\railroadide\railroad\project\onboarding\impl\FabricProjectOnboarding.java:590:32 | src\main\java\dev\railroadide\railroad\settings\SettingsSearchHandler.java:110:34
5	ERROR	SEM_MISSING_IMPLEMENTATION	Type is missing implementation for 'toArray(T[])'	src\main\java\dev\railroadide\railroad\project\creation\modjson\EntrypointContainer.java:9:1 | src\main\java\dev\railroadide\railroad\project\creation\modjson\adapter\EntrypointListTypeAdapter.java:14:1 | src\main\java\dev\railroadide\railroad\project\creation\modjson\adapter\MixinListTypeAdapter.java:14:1 | src\main\java\dev\railroadide\railroad\project\creation\modjson\adapter\PersonListTypeAdapter.java:14:1 | src\main\java\dev\railroadide\railroad\project\creation\modjson\adapter\StringOrStringArrayTypeAdapter.java:13:1
4	ERROR	SEM_UNRESOLVED_MEMBER	Cannot resolve member 'VERIFY'	src\main\java\dev\railroadide\railroad\java\cli\impl\JarsignerCLIBuilder.java:132:44 | src\main\java\dev\railroadide\railroad\java\cli\impl\JarsignerCLIBuilder.java:154:44 | src\main\java\dev\railroadide\railroad\java\cli\impl\JarsignerCLIBuilder.java:689:51 | src\main\java\dev\railroadide\railroad\java\cli\impl\JarsignerCLIBuilder.java:705:55
4	ERROR	SEM_MISSING_IMPLEMENTATION	Type is missing implementation for 'getDependencies()'	src\main\java\dev\railroadide\railroad\gradle\ui\deps\GradleDependenciesPane.java:15:1 | src\main\java\dev\railroadide\railroad\gradle\ui\deps\GradleDependencyTreeBuilder.java:18:1 | src\main\java\dev\railroadide\railroad\plugin\defaults\DefaultPluginDescriptor.java:11:1 | src\main\java\dev\railroadide\railroad\plugin\ui\PluginsPane.java:394:5
4	ERROR	SEM_UNRESOLVED_CALL	Cannot resolve call 'size'	src\main\java\dev\railroadide\railroad\ide\runconfig\RunConfigurationManager.java:161:85 | src\main\java\dev\railroadide\railroad\ide\runconfig\defaults\data\GradleRunConfigurationData.java:283:98 | src\test\java\dev\railroadide\railroad\ide\classparser\ClassStubParserTest.java:25:51 | src\test\java\dev\railroadide\railroad\ide\classparser\ClassStubParserTest.java:29:49
4	ERROR	SEM_UNASSIGNED_VARIABLE	Variable 'bound' might not have been initialized	src\main\java\dev\railroadide\railroad\ide\sst\impl\java\JavaSemanticAnalyzer.java:4530:49 | src\main\java\dev\railroadide\railroad\ide\sst\impl\java\JavaSemanticAnalyzer.java:4531:55 | src\main\java\dev\railroadide\railroad\plugin\spi\inspection\JavaRuleContext.java:2807:45 | src\main\java\dev\railroadide\railroad\plugin\spi\inspection\JavaRuleContext.java:2808:51
4	ERROR	SEM_UNRESOLVED_CALL	Cannot resolve call 'filePath'	src\main\java\dev\railroadide\railroad\ide\diagnostics\JavaDiagnosticsProvider.java:30:9 | src\main\java\dev\railroadide\railroad\ide\ui\codeeditor\CodeEditorPane.java:117:9 | src\main\java\dev\railroadide\railroad\plugin\spi\inspection\JavaRuleContext.java:118:9 | src\main\java\dev\railroadide\railroad\plugin\spi\inspection\LanguageInspectionRuleEngine.java:34:29
4	ERROR	SEM_UNRESOLVED_MEMBER	Cannot resolve member 'CONSTRUCTOR'	src\main\java\dev\railroadide\railroad\ide\sst\impl\java\JavaSemanticAnalyzer.java:932:34 | src\main\java\dev\railroadide\railroad\ide\sst\impl\java\JavaSemanticAnalyzer.java:936:128 | src\main\java\dev\railroadide\railroad\ide\sst\impl\java\JavaSemanticAnalyzer.java:959:58 | src\main\java\dev\railroadide\railroad\ide\sst\impl\java\JavaSemanticAnalyzer.java:1077:38
4	ERROR	SEM_INCOMPATIBLE_ASSIGNMENT	Cannot assign 'java.util.stream.Stream' to 'java.util.Map'	src\main\java\dev\railroadide\railroad\gradle\ui\task\GradleTaskTreeBuilder.java:28:54 | src\main\java\dev\railroadide\railroad\gradle\ui\task\GradleTaskTreeBuilder.java:31:36 | src\main\java\dev\railroadide\railroad\gradle\ui\task\GradleTaskTreeBuilder.java:78:46 | src\main\java\dev\railroadide\railroad\ide\language\index\DefaultProjectIndexContextResolver.java:18:42
4	ERROR	SEM_UNRESOLVED_MEMBER	Cannot resolve member 'VERSION'	src\main\java\dev\railroadide\railroad\java\cli\impl\JarsignerCLIBuilder.java:173:44 | src\main\java\dev\railroadide\railroad\java\cli\impl\JarsignerCLIBuilder.java:701:44 | src\main\java\dev\railroadide\railroad\java\cli\impl\JfrCLIBuilder.java:569:38 | src\main\java\dev\railroadide\railroad\java\cli\impl\KeytoolCLIBuilder.java:260:39
4	ERROR	SEM_DUPLICATE_DECLARATION	Duplicate declaration for 'child'	src\main\java\dev\railroadide\railroad\ide\diagnostics\inspections\CoreCastConflictingWithInstanceofInspection.java:279:14 | src\main\java\dev\railroadide\railroad\ide\diagnostics\inspections\CoreConstantConditionalExpressionInspection.java:115:14 | src\main\java\dev\railroadide\railroad\ide\sst\impl\java\JavaSemanticAnalyzer.java:3615:18 | src\main\java\dev\railroadide\railroad\ide\sst\impl\java\JavaSemanticAnalyzer.java:4792:14
4	ERROR	SEM_INCOMPATIBLE_ASSIGNMENT	Cannot assign 'java.lang.Boolean' to 'boolean'	src\main\java\dev\railroadide\railroad\ide\diagnostics\inspections\CoreConstantConditionalExpressionInspection.java:491:16 | src\main\java\dev\railroadide\railroad\plugin\PluginManager.java:373:20 | src\main\java\dev\railroadide\railroad\plugin\ui\PluginsPane.java:369:16 | src\main\java\dev\railroadide\railroad\settings\Settings.java:117:24
4	ERROR	SEM_UNRESOLVED_CALL	Cannot resolve call 'getKey'	src\main\java\dev\railroadide\railroad\ide\sst\impl\java\JavaLexer.java:414:53 | src\main\java\dev\railroadide\railroad\ide\sst\impl\java\JavaLexer.java:414:74 | src\main\java\dev\railroadide\railroad\settings\keybinds\KeybindsList.java:170:72 | src\main\java\dev\railroadide\railroad\welcome\WelcomeLeftPane.java:92:43
4	ERROR	SEM_MISSING_IMPLEMENTATION	Type is missing implementation for 'size()'	src\main\java\dev\railroadide\railroad\project\creation\modjson\adapter\EntrypointListTypeAdapter.java:14:1 | src\main\java\dev\railroadide\railroad\project\creation\modjson\adapter\MixinListTypeAdapter.java:14:1 | src\main\java\dev\railroadide\railroad\project\creation\modjson\adapter\PersonListTypeAdapter.java:14:1 | src\main\java\dev\railroadide\railroad\project\creation\modjson\adapter\StringOrStringArrayTypeAdapter.java:13:1
4	ERROR	SEM_INCOMPATIBLE_ASSIGNMENT	Cannot assign 'T' to 'java.util.function.Consumer'	src\main\java\dev\railroadide\railroad\project\onboarding\step\OnboardingFormStep.java:50:9 | src\main\java\dev\railroadide\railroad\project\onboarding\step\OnboardingFormStep.java:51:9 | src\main\java\dev\railroadide\railroad\project\onboarding\step\OnboardingFormStep.java:52:9 | src\main\java\dev\railroadide\railroad\project\onboarding\step\OnboardingFormStep.java:53:9
4	ERROR	SEM_UNRESOLVED_CALL	Cannot resolve call 'spacing'	src\main\java\dev\railroadide\railroad\ui\RRHBox.java:13:9 | src\main\java\dev\railroadide\railroad\ui\RRHBox.java:18:9 | src\main\java\dev\railroadide\railroad\ui\RRVBox.java:13:9 | src\main\java\dev\railroadide\railroad\ui\RRVBox.java:18:9
4	ERROR	SEM_INCOMPATIBLE_ASSIGNMENT	Cannot assign 'int' to 'byte[]'	src\main\java\dev\railroadide\railroad\utility\FileUtils.java:303:19 | src\main\java\dev\railroadide\railroad\vcs\git\execution\GitProcessRunner.java:198:15 | src\main\java\dev\railroadide\railroad\vcs\git\execution\GitProcessRunner.java:217:15 | src\main\java\dev\railroadide\railroad\vcs\git\execution\GitProcessRunner.java:242:15
4	ERROR	SEM_INCOMPATIBLE_ASSIGNMENT	Cannot assign 'java.util.function.Function' to 'R'	src\main\java\dev\railroadide\railroad\ide\sst\parser\Parser.java:208:10 | src\main\java\dev\railroadide\railroad\ide\sst\parser\Parser.java:292:14 | src\main\java\dev\railroadide\railroad\ide\sst\parser\Parser.java:312:10 | src\main\java\dev\railroadide\railroad\ide\sst\parser\Parser.java:319:14
4	ERROR	SEM_INCOMPATIBLE_ASSIGNMENT	Cannot assign 'javafx.scene.input.KeyCombination$Modifier' to 'int'	src\main\java\dev\railroadide\railroad\settings\keybinds\KeybindsList.java:410:43 | src\main\java\dev\railroadide\railroad\settings\keybinds\KeybindsList.java:411:39 | src\main\java\dev\railroadide\railroad\settings\keybinds\KeybindsList.java:412:40 | src\main\java\dev\railroadide\railroad\settings\keybinds\KeybindsList.java:413:38
4	ERROR	SEM_UNRESOLVED_CALL	Cannot resolve call 'toFile'	src\main\java\dev\railroadide\railroad\gradle\service\impl\ToolingGradleExecutionService.java:126:46 | src\main\java\dev\railroadide\railroad\gradle\service\impl\ToolingGradleModelService.java:129:93 | src\main\java\dev\railroadide\railroad\gradle\service\impl\ToolingGradleModelService.java:130:94 | src\main\java\dev\railroadide\railroad\ide\projectexplorer\ProjectExplorerPane.java:217:64
4	ERROR	SEM_UNRESOLVED_MEMBER	Cannot resolve member 'rule'	src\main\java\dev\railroadide\railroad\ide\diagnostics\ui\JavaInspectionRuleSettingsPane.java:67:37 | src\main\java\dev\railroadide\railroad\ide\diagnostics\ui\JavaInspectionRuleSettingsPane.java:72:34 | src\main\java\dev\railroadide\railroad\ide\diagnostics\ui\JavaInspectionRuleSettingsPane.java:87:83 | src\main\java\dev\railroadide\railroad\ide\diagnostics\ui\JavaInspectionRuleSettingsPane.java:88:82
4	ERROR	SEM_MISSING_IMPLEMENTATION	Type is missing implementation for 'clear()'	src\main\java\dev\railroadide\railroad\project\creation\modjson\adapter\EntrypointListTypeAdapter.java:14:1 | src\main\java\dev\railroadide\railroad\project\creation\modjson\adapter\MixinListTypeAdapter.java:14:1 | src\main\java\dev\railroadide\railroad\project\creation\modjson\adapter\PersonListTypeAdapter.java:14:1 | src\main\java\dev\railroadide\railroad\project\creation\modjson\adapter\StringOrStringArrayTypeAdapter.java:13:1
4	ERROR	SEM_UNRESOLVED_CALL	Cannot resolve call 'doubleValue'	src\main\java\dev\railroadide\railroad\ide\ui\ImageViewerPane.java:112:44 | src\main\java\dev\railroadide\railroad\ide\ui\ImageViewerPane.java:113:44 | src\main\java\dev\railroadide\railroad\ide\ui\ImageViewerPane.java:125:44 | src\main\java\dev\railroadide\railroad\ide\ui\ImageViewerPane.java:126:44
4	ERROR	SEM_DUPLICATE_DECLARATION	Duplicate declaration for 'ignored'	src\main\java\dev\railroadide\railroad\ide\ui\codeeditor\TextEditorPane.java:381:18 | src\main\java\dev\railroadide\railroad\java\JDKUtils.java:274:18 | src\main\java\dev\railroadide\railroad\java\JDKUtils.java:323:18 | src\main\java\dev\railroadide\railroad\vcs\git\execution\GitProcessRunner.java:153:22
4	ERROR	SEM_MISSING_IMPLEMENTATION	Type is missing implementation for 'getIcon()'	src\main\java\dev\railroadide\railroad\gradle\ui\tree\GradleTreeCell.java:7:1 | src\main\java\dev\railroadide\railroad\ide\ui\git\commit\changes\CommitChangeTreeCell.java:11:1 | src\main\java\dev\railroadide\railroad\ide\ui\git\commit\changes\CommitTreeItem.java:13:1 | src\main\java\dev\railroadide\railroad\ui\nodes\ProjectListCell.java:37:1
4	ERROR	SEM_UNRESOLVED_CALL	Cannot resolve call 'accept'	src\main\java\dev\railroadide\railroad\gradle\service\impl\ToolingGradleTaskExecutionHandle.java:159:22 | src\main\java\dev\railroadide\railroad\gradle\service\impl\ToolingGradleTaskExecutionHandle.java:173:22 | src\main\java\dev\railroadide\railroad\project\onboarding\OnboardingProcess.java:301:26 | src\main\java\dev\railroadide\railroad\settings\keybinds\KeybindHandler.java:29:40
4	ERROR	SEM_UNRESOLVED_CALL	Cannot resolve call 'anyMatch'	src\main\java\dev\railroadide\railroad\ide\ui\git\commit\details\GitCommitCherryPickButton.java:157:72 | src\test\java\dev\railroadide\railroad\ide\classparser\ClassStubParserTest.java:39:14 | src\test\java\dev\railroadide\railroad\ide\sst\impl\java\JavaSemanticAnalyzerTest.java:894:18 | src\test\java\dev\railroadide\railroad\ide\sst\impl\java\JavaSemanticAnalyzerTest.java:897:18
4	ERROR	SEM_ILLEGAL_FINAL_ASSIGNMENT	Final variable 'seed' cannot be assigned here	src\test\resources\dev\railroadide\railroad\ide\sst\impl\java\corpus\valid\06_statements_control_flow.java:14:17 | src\test\resources\dev\railroadide\railroad\ide\sst\impl\java\corpus\valid\06_statements_control_flow.java:14:17 | src\test\resources\dev\railroadide\railroad\ide\sst\impl\java\corpus\valid\06_statements_control_flow.java:14:17 | src\test\resources\dev\railroadide\railroad\ide\sst\impl\java\corpus\valid\06_statements_control_flow.java:14:17
4	ERROR	SEM_UNRESOLVED_MEMBER	Cannot resolve member 'LIST'	src\main\java\dev\railroadide\railroad\java\cli\impl\JarCLIBuilder.java:113:40 | src\main\java\dev\railroadide\railroad\java\cli\impl\JcmdCLIBuilder.java:94:26 | src\main\java\dev\railroadide\railroad\java\cli\impl\JmodCLIBuilder.java:116:44 | src\main\java\dev\railroadide\railroad\java\cli\impl\KeytoolCLIBuilder.java:206:39
4	ERROR	SEM_UNRESOLVED_MEMBER	Cannot resolve member 'continueExits'	src\main\java\dev\railroadide\railroad\ide\diagnostics\inspections\CoreDefiniteAssignmentInspection.java:1566:52 | src\main\java\dev\railroadide\railroad\ide\diagnostics\inspections\CoreDefiniteAssignmentInspection.java:1566:73 | src\main\java\dev\railroadide\railroad\ide\diagnostics\inspections\CoreDefiniteAssignmentInspection.java:1729:57 | src\main\java\dev\railroadide\railroad\ide\diagnostics\inspections\CoreDefiniteAssignmentInspection.java:1729:78
4	ERROR	SEM_UNRESOLVED_CALL	Cannot resolve call 'localizationKey'	src\main\java\dev\railroadide\railroad\ui\RRAutoCompleteTextField.java:32:9 | src\main\java\dev\railroadide\railroad\ui\RRNavigationItem.java:69:9 | src\main\java\dev\railroadide\railroad\ui\RRPasswordField.java:45:9 | src\main\java\dev\railroadide\railroad\ui\RRTextField.java:49:9
4	ERROR	SEM_UNRESOLVED_CALL	Cannot resolve call 'orientation'	src\main\java\dev\railroadide\railroad\ui\RRFlowPane.java:14:9 | src\main\java\dev\railroadide\railroad\ui\RRFlowPane.java:24:9 | src\main\java\dev\railroadide\railroad\ui\RRFlowPane.java:34:9 | src\main\java\dev\railroadide\railroad\ui\RRFlowPane.java:44:9
4	ERROR	SEM_UNRESOLVED_CALL	Cannot resolve call 'getChildren'	src\main\java\dev\railroadide\railroad\ide\ui\setup\PaneIconBarFactory.java:62:17 | src\main\java\dev\railroadide\railroad\ide\ui\setup\PaneIconBarFactory.java:67:34 | src\main\java\dev\railroadide\railroad\ui\layout\LayoutParser.java:80:32 | src\main\java\dev\railroadide\railroad\ui\layout\LayoutParser.java:141:28
4	ERROR	SEM_MISSING_IMPLEMENTATION	Type is missing implementation for 'remove(java.lang.Object)'	src\main\java\dev\railroadide\railroad\project\creation\modjson\adapter\EntrypointListTypeAdapter.java:14:1 | src\main\java\dev\railroadide\railroad\project\creation\modjson\adapter\MixinListTypeAdapter.java:14:1 | src\main\java\dev\railroadide\railroad\project\creation\modjson\adapter\PersonListTypeAdapter.java:14:1 | src\main\java\dev\railroadide\railroad\project\creation\modjson\adapter\StringOrStringArrayTypeAdapter.java:13:1
4	ERROR	SEM_UNRESOLVED_CALL	Cannot resolve call 'UUID'	src\main\java\dev\railroadide\railroad\ide\runconfig\RunConfiguration.java:48:9 | src\main\java\dev\railroadide\railroad\ide\runconfig\defaults\data\CompoundRunConfigurationData.java:78:100 | src\main\java\dev\railroadide\railroad\ide\runconfig\ui\RunConfigurationEditorPane.java:87:99 | src\main\java\dev\railroadide\railroad\ide\ui\setup\RunControlsPane.java:76:27
4	ERROR	SEM_INCOMPATIBLE_ASSIGNMENT	Cannot assign 'T' to 'java.nio.file.Path'	src\main\java\dev\railroadide\railroad\ide\sst\project\JavaStubSymbolIndex.java:40:17 | src\main\java\dev\railroadide\railroad\ide\ui\codeeditor\TextEditorPane.java:77:9 | src\main\java\dev\railroadide\railroad\java\cli\impl\KeytoolCLIBuilder.java:57:9 | src\main\java\dev\railroadide\railroad\plugin\spi\inspection\JavaRuleContext.java:122:9
4	ERROR	SEM_UNRESOLVED_MEMBER	Cannot resolve member 'SINGLE'	src\main\java\dev\railroadide\railroad\ui\BrowseButton.java:23:118 | src\main\java\dev\railroadide\railroad\ui\BrowseButton.java:35:53 | src\main\java\dev\railroadide\railroad\ui\BrowseButton.java:44:62 | src\main\java\dev\railroadide\railroad\ui\BrowseButton.java:71:62
3	ERROR	SEM_UNRESOLVED_CALL	Cannot resolve call 'buttonCell'	src\main\java\dev\railroadide\railroad\ide\runconfig\defaults\data\GradleRunConfigurationData.java:128:22 | src\main\java\dev\railroadide\railroad\ide\runconfig\defaults\data\JarApplicationRunConfigurationData.java:73:22 | src\main\java\dev\railroadide\railroad\ide\runconfig\defaults\data\JavaApplicationRunConfigurationData.java:50:22
3	ERROR	SEM_UNRESOLVED_CALL	Cannot resolve call 'cellFactory'	src\main\java\dev\railroadide\railroad\ide\runconfig\defaults\data\GradleRunConfigurationData.java:129:22 | src\main\java\dev\railroadide\railroad\ide\runconfig\defaults\data\JarApplicationRunConfigurationData.java:74:22 | src\main\java\dev\railroadide\railroad\ide\runconfig\defaults\data\JavaApplicationRunConfigurationData.java:51:22
3	ERROR	SEM_UNRESOLVED_CALL	Cannot resolve call 'ifPresent'	src\main\java\dev\railroadide\railroad\ide\ui\git\overview\GitOverviewRecentCommitsPane.java:132:52 | src\main\java\dev\railroadide\railroad\plugin\spi\inspection\JavaRuleContext.java:3136:44 | src\main\java\dev\railroadide\railroad\switchboard\cache\impl\MigratingCacheManager.java:40:24
3	ERROR	SEM_UNRESOLVED_CALL	Cannot resolve call 'translate'	src\main\java\dev\railroadide\railroad\ide\runconfig\defaults\data\GradleRunConfigurationData.java:127:22 | src\main\java\dev\railroadide\railroad\ide\runconfig\defaults\data\JarApplicationRunConfigurationData.java:72:22 | src\main\java\dev\railroadide\railroad\ide\runconfig\defaults\data\JavaApplicationRunConfigurationData.java:49:22
3	ERROR	SEM_INCOMPATIBLE_ASSIGNMENT	Cannot assign 'dev.railroadide.railroad.form.UpdatableObjectProperty' to 'javafx.scene.Node'	src\main\java\dev\railroadide\railroad\project\onboarding\impl\FabricProjectOnboarding.java:680:13 | src\main\java\dev\railroadide\railroad\project\onboarding\impl\ForgeProjectOnboarding.java:666:13 | src\main\java\dev\railroadide\railroad\project\onboarding\impl\NeoforgeProjectOnboarding.java:666:13
3	ERROR	SEM_UNRESOLVED_CALL	Cannot resolve call 'orElse'	src\main\java\dev\railroadide\railroad\ide\runconfig\defaults\data\GradleRunConfigurationData.java:321:18 | src\main\java\dev\railroadide\railroad\ide\sst\impl\java\JavaSemanticAnalyzer.java:2579:63 | src\main\java\dev\railroadide\railroad\vcs\git\GitManager.java:322:92
3	ERROR	SEM_UNRESOLVED_CALL	Cannot resolve call 'keyFunction'	src\main\java\dev\railroadide\railroad\ide\runconfig\defaults\data\GradleRunConfigurationData.java:130:22 | src\main\java\dev\railroadide\railroad\ide\runconfig\defaults\data\JarApplicationRunConfigurationData.java:75:22 | src\main\java\dev\railroadide\railroad\ide\runconfig\defaults\data\JavaApplicationRunConfigurationData.java:52:22
3	ERROR	SEM_UNRESOLVED_CALL	Cannot resolve call 'Set'	src\main\java\dev\railroadide\railroad\ide\language\impl\JsonLanguageSupport.java:15:9 | src\main\java\dev\railroadide\railroad\ide\language\impl\MarkdownLanguageSupport.java:13:9 | src\main\java\dev\railroadide\railroad\ide\language\impl\PlainTextLanguageSupport.java:15:9
3	ERROR	SEM_INACCESSIBLE_CALL	Call 'SimpleFileVisitor' is not accessible from here	src\main\java\dev\railroadide\railroad\ide\projectexplorer\ProjectExplorerPane.java:697:45 | src\main\java\dev\railroadide\railroad\ide\projectexplorer\task\SearchTask.java:31:42 | src\main\java\dev\railroadide\railroad\ide\projectexplorer\task\WatchTask.java:84:38
3	ERROR	SEM_INVALID_OVERRIDE	Invalid override for 'call'	src\main\java\dev\railroadide\railroad\ide\projectexplorer\task\FileCopyTask.java:19:5 | src\main\java\dev\railroadide\railroad\ide\projectexplorer\task\SearchTask.java:25:5 | src\main\java\dev\railroadide\railroad\ide\projectexplorer\task\WatchTask.java:28:5
3	ERROR	SEM_UNRESOLVED_CALL	Cannot resolve call 'setOutputStream'	src\main\java\dev\railroadide\railroad\project\onboarding\impl\FabricProjectOnboarding.java:139:50 | src\main\java\dev\railroadide\railroad\project\onboarding\impl\ForgeProjectOnboarding.java:170:50 | src\main\java\dev\railroadide\railroad\project\onboarding\impl\NeoforgeProjectOnboarding.java:170:50
3	ERROR	SEM_UNRESOLVED_MEMBER	Cannot resolve member 'HELP'	src\main\java\dev\railroadide\railroad\java\cli\impl\JcmdCLIBuilder.java:106:26 | src\main\java\dev\railroadide\railroad\java\cli\impl\JfrCLIBuilder.java:579:38 | src\main\java\dev\railroadide\railroad\java\cli\impl\JfrCLIBuilder.java:592:38
3	ERROR	SEM_UNRESOLVED_CALL	Cannot resolve call 'javaLanguageSettings'	src\main\java\dev\railroadide\railroad\ide\language\impl\index\JavaLanguageIndexContextContributor.java:250:64 | src\main\java\dev\railroadide\railroad\ide\language\impl\index\JavaLanguageIndexContextContributor.java:253:73 | src\main\java\dev\railroadide\railroad\project\facet\detector\JavaFacetDetector.java:78:67
3	ERROR	SEM_UNRESOLVED_CALL	Cannot resolve call 'valueOfFunction'	src\main\java\dev\railroadide\railroad\ide\runconfig\defaults\data\GradleRunConfigurationData.java:131:22 | src\main\java\dev\railroadide\railroad\ide\runconfig\defaults\data\JarApplicationRunConfigurationData.java:76:22 | src\main\java\dev\railroadide\railroad\ide\runconfig\defaults\data\JavaApplicationRunConfigurationData.java:53:22
3	ERROR	SEM_INVALID_OVERRIDE	Invalid override for 'getFileIndex'	src\main\java\dev\railroadide\railroad\ide\language\impl\index\JavaProjectLanguageIndexer.java:14:1 | src\main\java\dev\railroadide\railroad\ide\sst\project\JavaProjectSemanticIndex.java:211:5 | src\main\java\dev\railroadide\railroad\ide\sst\project\JavaProjectSemanticPersistence.java:22:1
3	ERROR	SEM_UNRESOLVED_CALL	Cannot resolve call 'getParent'	src\main\java\dev\railroadide\railroad\ide\projectexplorer\PathTreeCell.java:248:56 | src\main\java\dev\railroadide\railroad\ide\projectexplorer\ProjectExplorerPane.java:546:87 | src\main\java\dev\railroadide\railroad\ide\projectexplorer\ProjectExplorerPane.java:560:87
3	ERROR	SEM_UNRESOLVED_MEMBER	Cannot resolve member 'INFO'	src\main\java\dev\railroadide\railroad\form\ui\InformativeLabeledHBox.java:93:62 | src\main\java\dev\railroadide\railroad\form\ui\InformativeLabeledHBox.java:106:62 | src\main\java\dev\railroadide\railroad\java\cli\impl\JavaExecutableCLIBuilder.java:3414:43
3	ERROR	SEM_INCOMPATIBLE_ASSIGNMENT	Cannot assign 'T' to 'boolean'	src\main\java\dev\railroadide\railroad\ide\runconfig\defaults\data\JavaApplicationRunConfigurationData.java:99:9 | src\main\java\dev\railroadide\railroad\ide\runconfig\defaults\data\ShellScriptRunConfigurationData.java:122:9 | src\main\java\dev\railroadide\railroad\ide\ui\JsonCodeEditorPane.java:82:24
3	ERROR	SEM_INCOMPATIBLE_ASSIGNMENT	Cannot assign 'T' to 'dev.railroadide.railroad.switchboard.cache.MetadataCacheEntry'	src\main\java\dev\railroadide\railroad\switchboard\cache\impl\JsonCacheManager.java:60:38 | src\main\java\dev\railroadide\railroad\switchboard\cache\impl\JsonCacheManager.java:125:46 | src\main\java\dev\railroadide\railroad\switchboard\cache\impl\SqlCacheManager.java:155:42
3	ERROR	SEM_UNCAUGHT_CHECKED_EXCEPTION	Unhandled checked exception 'java.sql.SQLException'	src\main\java\dev\railroadide\railroad\switchboard\cache\impl\SqlCacheManager.java:133:50 | src\main\java\dev\railroadide\railroad\switchboard\cache\impl\SqlCacheManager.java:133:14 | src\main\java\dev\railroadide\railroad\switchboard\cache\impl\SqlCacheManager.java:144:42
3	ERROR	SEM_UNRESOLVED_CALL	Cannot resolve call 'Collections'	src\main\java\dev\railroadide\railroad\settings\ui\AbstractPathListPane.java:99:9 | src\main\java\dev\railroadide\railroad\settings\ui\DirectoryListPane.java:27:9 | src\main\java\dev\railroadide\railroad\settings\ui\FileListPane.java:27:9
3	ERROR	SEM_UNRESOLVED_CALL	Cannot resolve call 'assertThrows'	src\test\java\dev\railroadide\railroad\java\cli\JarCLIBuilderTest.java:48:9 | src\test\java\dev\railroadide\railroad\java\cli\JavaExecutableCLIBuilderTest.java:50:9 | src\test\java\dev\railroadide\railroad\java\cli\KeytoolCLIBuilderTest.java:23:9
3	ERROR	SEM_UNRESOLVED_MEMBER	Cannot resolve member 'GENERATE_INDEX'	src\main\java\dev\railroadide\railroad\java\cli\impl\JarCLIBuilder.java:91:35 | src\main\java\dev\railroadide\railroad\java\cli\impl\JarCLIBuilder.java:161:40 | src\main\java\dev\railroadide\railroad\java\cli\impl\JarCLIBuilder.java:500:44
3	ERROR	SEM_UNRESOLVED_MEMBER	Cannot resolve member 'PRIMITIVE'	src\main\java\dev\railroadide\railroad\ide\sst\semantic\api\Type.java:78:25 | src\main\java\dev\railroadide\railroad\plugin\spi\inspection\JavaRuleContext.java:2774:85 | src\main\java\dev\railroadide\railroad\plugin\spi\inspection\JavaRuleContext.java:2832:36
3	ERROR	SEM_UNRESOLVED_CALL	Cannot resolve call 'setSelected'	src\main\java\dev\railroadide\railroad\form\impl\CheckBoxComponent.java:88:46 | src\main\java\dev\railroadide\railroad\form\ui\FormCheckBox.java:42:59 | src\main\java\dev\railroadide\railroad\settings\DefaultSettingCodecs.java:25:59
3	ERROR	SEM_UNRESOLVED_MEMBER	Cannot resolve member 'WILDCARD'	src\main\java\dev\railroadide\railroad\ide\sst\semantic\api\Type.java:141:25 | src\main\java\dev\railroadide\railroad\plugin\spi\inspection\JavaRuleContext.java:2446:74 | src\main\java\dev\railroadide\railroad\plugin\spi\inspection\JavaRuleContext.java:2448:74
3	ERROR	SEM_UNRESOLVED_MEMBER	Cannot resolve member 'TYPE_VARIABLE'	src\main\java\dev\railroadide\railroad\ide\sst\semantic\api\Type.java:126:25 | src\main\java\dev\railroadide\railroad\plugin\spi\inspection\JavaRuleContext.java:2446:35 | src\main\java\dev\railroadide\railroad\plugin\spi\inspection\JavaRuleContext.java:2448:35
3	ERROR	SEM_INCOMPATIBLE_ASSIGNMENT	Cannot assign 'org.fxmisc.richtext.model.PlainTextChange' to 'java.lang.String'	src\main\java\dev\railroadide\railroad\ide\ui\codeeditor\CodeEditorPane.java:559:15 | src\main\java\dev\railroadide\railroad\ide\ui\codeeditor\TextEditorPane.java:432:15 | src\main\java\dev\railroadide\railroad\ide\ui\codeeditor\TextEditorPane.java:433:15
3	ERROR	SEM_UNRESOLVED_CALL	Cannot resolve call 'noDescription'	src\main\java\dev\railroadide\railroad\settings\Settings.java:34:10 | src\main\java\dev\railroadide\railroad\settings\Settings.java:45:10 | src\main\java\dev\railroadide\railroad\settings\Settings.java:163:14
3	ERROR	SEM_UNRESOLVED_CALL	Cannot resolve call 'noTitle'	src\main\java\dev\railroadide\railroad\settings\Settings.java:33:10 | src\main\java\dev\railroadide\railroad\settings\Settings.java:44:10 | src\main\java\dev\railroadide\railroad\settings\Settings.java:162:14
3	ERROR	SEM_UNRESOLVED_MEMBER	Cannot resolve member 'META'	src\main\java\dev\railroadide\railroad\ide\ui\git\diff\GitDiffPane.java:289:63 | src\main\java\dev\railroadide\railroad\ide\ui\git\diff\GitDiffPane.java:290:55 | src\main\java\dev\railroadide\railroad\ide\ui\git\diff\GitDiffPane.java:308:51
3	ERROR	SEM_UNINITIALIZED_FINAL_FIELD	Final field 'gitManager' might not be initialized	src\main\java\dev\railroadide\railroad\ide\ui\git\diff\GitDiffPane.java:80:5 | src\main\java\dev\railroadide\railroad\project\RailroadProject.java:66:5 | src\main\java\dev\railroadide\railroad\project\RailroadProject.java:70:5
3	ERROR	SEM_UNINITIALIZED_FINAL_FIELD	Final field 'key' might not be initialized	src\main\java\dev\railroadide\railroad\java\JDK.java:172:9 | src\main\java\dev\railroadide\railroad\java\JDK.java:181:9 | src\main\java\dev\railroadide\railroad\welcome\WelcomeLeftPane.java:76:9
3	ERROR	SEM_UNRESOLVED_CALL	Cannot resolve call 'items'	src\main\java\dev\railroadide\railroad\ide\ui\codeeditor\CodeEditorPane.java:439:46 | src\main\java\dev\railroadide\railroad\ui\RRListView.java:38:9 | src\main\java\dev\railroadide\railroad\ui\RRTableView.java:16:9
3	ERROR	SEM_UNRESOLVED_CALL	Cannot resolve call 'loomVersion'	src\main\java\dev\railroadide\railroad\project\facet\detector\FabricFacetDetector.java:63:41 | src\main\java\dev\railroadide\railroad\project\facet\detector\FabricFacetDetector.java:64:61 | src\main\java\dev\railroadide\railroad\project\facet\detector\FabricFacetDetector.java:65:66
3	ERROR	SEM_INCOMPATIBLE_ASSIGNMENT	Cannot assign 'dev.railroadide.railroad.settings.Setting' to 'java.lang.String'	src\main\java\dev\railroadide\railroad\ide\ui\codeeditor\TextEditorPane.java:188:15 | src\main\java\dev\railroadide\railroad\ide\ui\setup\TerminalFactory.java:199:19 | src\main\java\dev\railroadide\railroad\ide\ui\setup\TerminalFactory.java:205:19
3	ERROR	SEM_UNRESOLVED_CALL	Cannot resolve call 'KeybindData'	src\main\java\dev\railroadide\railroad\settings\keybinds\KeyComboNode.java:32:18 | src\main\java\dev\railroadide\railroad\settings\keybinds\KeybindsList.java:301:29 | src\main\java\dev\railroadide\railroad\settings\keybinds\KeybindsList.java:401:33
3	ERROR	SEM_UNRESOLVED_MEMBER	Cannot resolve member 'selected'	src\main\java\dev\railroadide\railroad\form\impl\CheckBoxComponent.java:42:115 | src\main\java\dev\railroadide\railroad\form\impl\CheckBoxComponent.java:82:31 | src\main\java\dev\railroadide\railroad\form\impl\CheckBoxComponent.java:88:68
3	ERROR	SEM_UNRESOLVED_CALL	Cannot resolve call 'length'	src\main\java\dev\railroadide\railroad\ide\sst\impl\java\JavaLexer.java:414:62 | src\main\java\dev\railroadide\railroad\ide\sst\impl\java\JavaLexer.java:414:83 | src\main\java\dev\railroadide\railroad\ide\ui\codeeditor\CodeEditorPane.java:126:74
3	ERROR	SEM_UNRESOLVED_CALL	Cannot resolve call 'sorted'	src\main\java\dev\railroadide\railroad\ide\sst\impl\java\JavaLexer.java:414:18 | src\main\java\dev\railroadide\railroad\project\onboarding\impl\ForgeProjectOnboarding.java:696:22 | src\main\java\dev\railroadide\railroad\project\onboarding\impl\NeoforgeProjectOnboarding.java:696:22
3	ERROR	SEM_UNRESOLVED_CALL	Cannot resolve call 'Node<>'	src\main\java\dev\railroadide\railroad\ui\layout\LayoutParser.java:64:34 | src\main\java\dev\railroadide\railroad\ui\layout\LayoutParser.java:140:36 | src\main\java\dev\railroadide\railroad\ui\layout\LayoutParser.java:366:45
3	ERROR	SEM_INCOMPATIBLE_ASSIGNMENT	Cannot assign 'dev.railroadide.railroad.ide.sst.impl.java.JavaSyntaxParser.ParseResult' to 'dev.railroadide.railroad.ide.sst.impl.java.JavaSyntaxParser$ParseResult'	src\test\java\dev\railroadide\railroad\ide\sst\impl\java\JavaSyntaxAssertions.java:14:37 | src\test\java\dev\railroadide\railroad\ide\sst\impl\java\JavaSyntaxAssertions.java:24:37 | src\test\java\dev\railroadide\railroad\ide\sst\impl\java\JavaSyntaxParserTest.java:51:37
3	ERROR	SEM_UNRESOLVED_CALL	Cannot resolve call 'LexError'	src\main\java\dev\railroadide\railroad\ide\sst\impl\java\JavaLexer.java:340:28 | src\main\java\dev\railroadide\railroad\ide\sst\impl\java\JavaLexer.java:784:28 | src\main\java\dev\railroadide\railroad\ide\sst\impl\java\JavaLexer.java:789:28
3	ERROR	SEM_UNRESOLVED_MEMBER	Cannot resolve member 'items'	src\main\java\dev\railroadide\railroad\form\impl\ComboBoxComponent.java:76:29 | src\main\java\dev\railroadide\railroad\form\impl\ComboBoxComponent.java:77:59 | src\main\java\dev\railroadide\railroad\form\impl\ComboBoxComponent.java:77:87
3	ERROR	SEM_INCOMPATIBLE_ASSIGNMENT	Cannot assign 'T' to 'dev.railroadide.railroad.ide.runconfig.RunConfiguration'	src\main\java\dev\railroadide\railroad\ide\runconfig\ui\RunConfigurationListCell.java:46:32 | src\main\java\dev\railroadide\railroad\ide\runconfig\ui\RunConfigurationListCell.java:59:32 | src\main\java\dev\railroadide\railroad\ide\runconfig\ui\RunConfigurationListCell.java:72:32
3	ERROR	SEM_UNRESOLVED_CALL	Cannot resolve call 'getEditor'	src\main\java\dev\railroadide\railroad\form\impl\ComboBoxComponent.java:98:57 | src\main\java\dev\railroadide\railroad\form\impl\ComboBoxComponent.java:108:52 | src\main\java\dev\railroadide\railroad\form\impl\ComboBoxComponent.java:112:52
3	ERROR	SEM_UNRESOLVED_MEMBER	Cannot resolve member 'editable'	src\main\java\dev\railroadide\railroad\form\impl\ComboBoxComponent.java:63:104 | src\main\java\dev\railroadide\railroad\form\impl\TextAreaComponent.java:47:127 | src\main\java\dev\railroadide\railroad\form\impl\TextFieldComponent.java:53:128
3	ERROR	SEM_UNRESOLVED_MEMBER	Cannot resolve member 'MEDIUM'	src\main\java\dev\railroadide\railroad\ui\RRListView.java:19:46 | src\main\java\dev\railroadide\railroad\ui\RRNavigationItem.java:20:58 | src\main\java\dev\railroadide\railroad\ui\RRSidebar.java:18:44
3	ERROR	SEM_MISSING_IMPLEMENTATION	Type is missing implementation for 'isEmpty()'	src\main\java\dev\railroadide\railroad\project\creation\modjson\adapter\EntrypointListTypeAdapter.java:14:1 | src\main\java\dev\railroadide\railroad\project\creation\modjson\adapter\MixinListTypeAdapter.java:14:1 | src\main\java\dev\railroadide\railroad\project\creation\modjson\adapter\PersonListTypeAdapter.java:14:1
3	ERROR	SEM_DUPLICATE_DECLARATION	Duplicate declaration for 'index'	src\main\java\dev\railroadide\railroad\ide\sst\impl\java\JavaSemanticAnalyzer.java:2335:21 | src\main\java\dev\railroadide\railroad\ide\sst\project\JavaProjectSemanticPersistence.java:129:21 | src\main\java\dev\railroadide\railroad\plugin\spi\inspection\JavaRuleContext.java:2399:17
3	ERROR	SEM_INCOMPATIBLE_ASSIGNMENT	Cannot assign 'T' to 'java.util.Map'	src\main\java\dev\railroadide\railroad\ide\sst\project\JavaProjectSemanticIndex.java:121:9 | src\main\java\dev\railroadide\railroad\ide\sst\project\JavaProjectSemanticIndex.java:132:9 | src\main\java\dev\railroadide\railroad\ide\sst\semantic\api\SemanticModel.java:145:9
3	ERROR	SEM_INCOMPATIBLE_ASSIGNMENT	Cannot assign 'T' to 'dev.railroadide.railroad.ide.sst.syntax.api.SyntaxTree'	src\main\java\dev\railroadide\railroad\ide\sst\impl\java\JavaSyntaxParser.java:422:13 | src\main\java\dev\railroadide\railroad\ide\sst\semantic\api\SemanticModel.java:46:9 | src\main\java\dev\railroadide\railroad\ide\sst\semantic\api\SemanticModel.java:163:13
3	ERROR	SEM_UNASSIGNED_VARIABLE	Variable 'qualifiedName' might not have been initialized	src\main\java\dev\railroadide\railroad\ide\sst\impl\java\JavaSemanticAnalyzer.java:2908:26 | src\main\java\dev\railroadide\railroad\ide\sst\impl\java\JavaSemanticAnalyzer.java:2908:51 | src\main\java\dev\railroadide\railroad\ide\sst\impl\java\JavaSemanticAnalyzer.java:2910:49
3	ERROR	SEM_UNRESOLVED_CALL	Cannot resolve call 'setConverter'	src\main\java\dev\railroadide\railroad\form\impl\ComboBoxComponent.java:65:52 | src\main\java\dev\railroadide\railroad\form\impl\ComboBoxComponent.java:95:61 | src\main\java\dev\railroadide\railroad\form\impl\ComboBoxComponent.java:103:48
3	ERROR	SEM_UNRESOLVED_MEMBER	Cannot resolve member 'SYNTAX'	src\main\java\dev\railroadide\railroad\ide\sst\impl\java\JavaParserBenchmarkRunner.java:123:31 | src\main\java\dev\railroadide\railroad\ide\sst\impl\java\JavaParserBenchmarkRunner.java:282:53 | src\main\java\dev\railroadide\railroad\ide\sst\impl\java\JavaParserBenchmarkRunner.java:314:51
3	ERROR	SEM_UNRESOLVED_CALL	Cannot resolve call 'toSemanticType'	src\main\java\dev\railroadide\railroad\ide\sst\impl\java\JavaSemanticAnalyzer.java:2162:33 | src\main\java\dev\railroadide\railroad\ide\sst\impl\java\JavaSemanticAnalyzer.java:2200:33 | src\main\java\dev\railroadide\railroad\ide\sst\impl\java\JavaSemanticAnalyzer.java:2559:30
3	ERROR	SEM_INCOMPATIBLE_ASSIGNMENT	Cannot assign 'T' to 'dev.railroadide.railroad.ide.sst.semantic.api.SymbolKind'	src\main\java\dev\railroadide\railroad\ide\sst\impl\java\JavaSemanticAnalyzer.java:4368:13 | src\main\java\dev\railroadide\railroad\ide\sst\project\JavaProjectSemanticIndex.java:284:13 | src\main\java\dev\railroadide\railroad\ide\sst\semantic\api\SimpleSymbol.java:19:9
3	ERROR	SEM_DUPLICATE_DECLARATION	Duplicate declaration for 'node'	src\main\java\dev\railroadide\railroad\ide\diagnostics\inspections\CoreImplicitNumericConversionInspection.java:85:14 | src\main\java\dev\railroadide\railroad\ide\diagnostics\inspections\CoreImplicitNumericConversionInspection.java:93:14 | src\main\java\dev\railroadide\railroad\ide\diagnostics\inspections\CoreImplicitNumericConversionInspection.java:108:14
3	ERROR	SEM_MISSING_IMPLEMENTATION	Type is missing implementation for 'getId()'	src\main\java\dev\railroadide\railroad\plugin\defaults\DefaultPluginDescriptor.java:11:1 | src\main\java\dev\railroadide\railroad\registry\BasicRegistry.java:11:1 | src\main\java\dev\railroadide\railroad\registry\OrderedRegistry.java:10:1
3	ERROR	SEM_UNRESOLVED_CALL	Cannot resolve call 'thrownTypes'	src\main\java\dev\railroadide\railroad\plugin\spi\inspection\JavaRuleContext.java:1501:56 | src\main\java\dev\railroadide\railroad\plugin\spi\inspection\JavaRuleContext.java:1513:47 | src\main\java\dev\railroadide\railroad\plugin\spi\inspection\JavaRuleContext.java:2536:40
3	ERROR	SEM_UNRESOLVED_CALL	Cannot resolve call 'sourceFile'	src\main\java\dev\railroadide\railroad\plugin\spi\inspection\JavaRuleContext.java:2081:40 | src\main\java\dev\railroadide\railroad\plugin\spi\inspection\JavaRuleContext.java:2461:38 | src\main\java\dev\railroadide\railroad\plugin\spi\inspection\JavaRuleContext.java:2695:38
3	ERROR	SEM_UNRESOLVED_MEMBER	Cannot resolve member 'OPENED'	src\main\java\dev\railroadide\railroad\plugin\spi\events\DocumentEvent.java:32:39 | src\main\java\dev\railroadide\railroad\plugin\spi\events\FileEvent.java:33:39 | src\main\java\dev\railroadide\railroad\plugin\spi\events\ProjectEvent.java:32:39
3	ERROR	SEM_UNCAUGHT_CHECKED_EXCEPTION	Unhandled checked exception 'com.github.javakeyring.BackendNotSupportedException'	src\main\java\dev\railroadide\railroad\plugin\spi\secure_storage\SecureTokenStore.java:38:40 | src\main\java\dev\railroadide\railroad\plugin\spi\secure_storage\SecureTokenStore.java:57:40 | src\main\java\dev\railroadide\railroad\plugin\spi\secure_storage\SecureTokenStore.java:75:40
3	ERROR	SEM_INCOMPATIBLE_ASSIGNMENT	Cannot assign 'dev.railroadide.railroad.plugin.spi.inspection.JavaRuleContext.NegationUnwrapResult' to 'dev.railroadide.railroad.plugin.spi.inspection.JavaRuleContext$NegationUnwrapResult'	src\main\java\dev\railroadide\railroad\ide\diagnostics\inspections\CoreDoubleNegationInspection.java:52:49 | src\main\java\dev\railroadide\railroad\ide\diagnostics\inspections\CoreOptionalGetWithoutIsPresentCheckInspection.java:174:45 | src\main\java\dev\railroadide\railroad\ide\diagnostics\inspections\CoreOptionalGetWithoutIsPresentCheckInspection.java:225:45
3	ERROR	SEM_UNCAUGHT_CHECKED_EXCEPTION	Unhandled checked exception 'java.net.URISyntaxException'	src\main\java\dev\railroadide\railroad\project\minecraft\pistonmeta\Download.java:36:39 | src\main\java\dev\railroadide\railroad\utility\FileUtils.java:56:30 | src\main\java\dev\railroadide\railroad\utility\UrlUtils.java:84:22
3	ERROR	SEM_UNCAUGHT_CHECKED_EXCEPTION	Unhandled checked exception 'java.net.MalformedURLException'	src\main\java\dev\railroadide\railroad\project\minecraft\pistonmeta\Download.java:36:58 | src\main\java\dev\railroadide\railroad\utility\FileUtils.java:56:44 | src\main\java\dev\railroadide\railroad\utility\UrlUtils.java:84:36
3	ERROR	SEM_UNRESOLVED_MEMBER	Cannot resolve member 'CLOSED'	src\main\java\dev\railroadide\railroad\plugin\spi\events\DocumentEvent.java:41:39 | src\main\java\dev\railroadide\railroad\plugin\spi\events\FileEvent.java:42:39 | src\main\java\dev\railroadide\railroad\plugin\spi\events\ProjectEvent.java:41:39
3	ERROR	SEM_UNRESOLVED_CALL	Cannot resolve call 'setOnAction'	src\main\java\dev\railroadide\railroad\project\onboarding\OnboardingProcess.java:255:24 | src\main\java\dev\railroadide\railroad\project\onboarding\OnboardingProcess.java:259:24 | src\main\java\dev\railroadide\railroad\project\onboarding\OnboardingProcess.java:263:26
3	ERROR	SEM_UNRESOLVED_CALL	Cannot resolve call 'disableProperty'	src\main\java\dev\railroadide\railroad\project\onboarding\OnboardingProcess.java:256:24 | src\main\java\dev\railroadide\railroad\project\onboarding\OnboardingProcess.java:260:24 | src\main\java\dev\railroadide\railroad\project\onboarding\OnboardingProcess.java:264:26
3	ERROR	SEM_UNRESOLVED_CALL	Cannot resolve call 'qualifiedName'	src\main\java\dev\railroadide\railroad\ide\diagnostics\inspections\CoreModifierInspection.java:181:100 | src\main\java\dev\railroadide\railroad\ide\sst\impl\java\JavaSemanticAnalyzer.java:2579:47 | src\main\java\dev\railroadide\railroad\plugin\spi\inspection\JavaRuleContext.java:3136:28
3	ERROR	SEM_DUPLICATE_DECLARATION	Duplicate declaration for 'method'	src\main\java\dev\railroadide\railroad\ide\diagnostics\inspections\CoreInheritanceInspection.java:438:18 | src\main\java\dev\railroadide\railroad\ide\diagnostics\inspections\CoreOverlyStrongTypeCastInspection.java:161:14 | src\main\java\dev\railroadide\railroad\plugin\spi\inspection\JavaRuleContext.java:2321:14
3	ERROR	SEM_UNRESOLVED_CALL	Cannot resolve call 'modifiers'	src\main\java\dev\railroadide\railroad\plugin\spi\inspection\JavaRuleContext.java:2537:24 | src\main\java\dev\railroadide\railroad\plugin\spi\inspection\JavaRuleContext.java:2564:23 | src\test\java\dev\railroadide\railroad\ide\sst\impl\java\JavaSemanticAnalyzerTest.java:897:80
3	ERROR	SEM_INCOMPATIBLE_ASSIGNMENT	Cannot assign 'javafx.beans.property.StringProperty' to 'java.lang.String'	src\main\java\dev\railroadide\railroad\project\RailroadProject.java:407:15 | src\main\java\dev\railroadide\railroad\project\onboarding\impl\ForgeProjectOnboarding.java:317:35 | src\main\java\dev\railroadide\railroad\project\onboarding\impl\NeoforgeProjectOnboarding.java:317:35
3	ERROR	SEM_ILLEGAL_FINAL_ASSIGNMENT	Final variable 'line' cannot be assigned here	src\main\java\dev\railroadide\railroad\utility\CommandUtils.java:44:13 | src\main\java\dev\railroadide\railroad\utility\FileUtils.java:77:17 | src\main\java\dev\railroadide\railroad\vcs\git\identity\GitAuthor.java:31:13
3	ERROR	SEM_UNRESOLVED_CALL	Cannot resolve call 'unbind'	src\main\java\dev\railroadide\railroad\project\onboarding\OnboardingProcess.java:256:42 | src\main\java\dev\railroadide\railroad\project\onboarding\OnboardingProcess.java:260:42 | src\main\java\dev\railroadide\railroad\project\onboarding\OnboardingProcess.java:264:44
3	ERROR	SEM_MISSING_IMPLEMENTATION	Type is missing implementation for 'getLicense()'	src\main\java\dev\railroadide\railroad\plugin\defaults\DefaultPluginDescriptor.java:11:1 | src\main\java\dev\railroadide\railroad\plugin\ui\PluginsPane.java:394:5 | src\main\java\dev\railroadide\railroad\ui\nodes\ProjectListCell.java:37:1
2	ERROR	SEM_UNRESOLVED_CALL	Cannot resolve call 'getCode'	src\main\java\dev\railroadide\railroad\project\onboarding\OnboardingProcess.java:239:27 | src\main\java\dev\railroadide\railroad\project\onboarding\OnboardingProcess.java:242:34
2	ERROR	SEM_ILLEGAL_FINAL_ASSIGNMENT	Final variable 'original' cannot be assigned here	src\main\java\dev\railroadide\railroad\ide\sst\project\JavaProjectSemanticIndex.java:121:9 | src\main\java\dev\railroadide\railroad\ide\sst\project\JavaProjectSemanticIndex.java:132:9
2	ERROR	SEM_ILLEGAL_FINAL_ASSIGNMENT	Final variable 'simpleName' cannot be assigned here	src\main\java\dev\railroadide\railroad\ide\sst\project\JavaProjectSemanticIndex.java:79:9 | src\main\java\dev\railroadide\railroad\ide\sst\project\JavaProjectSemanticIndex.java:110:9
2	ERROR	SEM_UNRESOLVED_CALL	Cannot resolve call 'swapRightButton'	src\main\java\dev\railroadide\railroad\project\onboarding\OnboardingProcess.java:229:25 | src\main\java\dev\railroadide\railroad\project\onboarding\OnboardingProcess.java:231:25
2	ERROR	SEM_ILLEGAL_FINAL_ASSIGNMENT	Final variable 'qualifiedName' cannot be assigned here	src\main\java\dev\railroadide\railroad\ide\sst\project\JavaProjectSemanticIndex.java:88:9 | src\main\java\dev\railroadide\railroad\ide\sst\project\JavaProjectSemanticIndex.java:97:9
2	ERROR	SEM_UNRESOLVED_CALL	Cannot resolve call 'hgap'	src\main\java\dev\railroadide\railroad\ui\RRFlowPane.java:19:9 | src\main\java\dev\railroadide\railroad\ui\RRFlowPane.java:39:9
2	ERROR	SEM_MISSING_IMPLEMENTATION	Type is missing implementation for 'isPublic()'	src\main\java\dev\railroadide\railroad\gradle\ui\task\GradleTaskTreeBuilder.java:23:1 | src\main\java\dev\railroadide\railroad\gradle\ui\task\GradleTasksPane.java:17:1
2	ERROR	SEM_UNRESOLVED_MEMBER	Cannot resolve member 'EXTRACT'	src\main\java\dev\railroadide\railroad\java\cli\impl\JarCLIBuilder.java:131:40 | src\main\java\dev\railroadide\railroad\java\cli\impl\JmodCLIBuilder.java:102:44
2	ERROR	SEM_UNRESOLVED_CALL	Cannot resolve call 'selectedProperty'	src\main\java\dev\railroadide\railroad\form\impl\CheckBoxComponent.java:59:48 | src\main\java\dev\railroadide\railroad\form\impl\CheckBoxComponent.java:66:48
2	ERROR	SEM_INCOMPATIBLE_ASSIGNMENT	Cannot assign 'T' to 'dev.railroadide.railroad.ide.sst.semantic.api.Scope'	src\main\java\dev\railroadide\railroad\ide\sst\semantic\api\SemanticModel.java:47:9 | src\main\java\dev\railroadide\railroad\ide\sst\semantic\api\SemanticModel.java:164:13
2	ERROR	SEM_MISSING_IMPLEMENTATION	Type is missing implementation for 'toUri()'	src\main\java\dev\railroadide\railroad\ide\diagnostics\EditorDiagnostic.java:10:1 | src\main\java\dev\railroadide\railroad\utility\json\PathTypeAdapter.java:11:1
2	ERROR	SEM_UNRESOLVED_CALL	Cannot resolve call 'consume'	src\main\java\dev\railroadide\railroad\project\onboarding\OnboardingProcess.java:240:27 | src\main\java\dev\railroadide\railroad\project\onboarding\OnboardingProcess.java:243:27
2	ERROR	SEM_UNRESOLVED_MEMBER	Cannot resolve member 'ERROR'	src\main\java\dev\railroadide\railroad\form\ValidationResult.java:50:44 | src\main\java\dev\railroadide\railroad\ide\sst\parser\Parser.java:595:49
2	ERROR	SEM_UNRESOLVED_CALL	Cannot resolve call 'value'	src\main\java\dev\railroadide\railroad\ui\RRCheckBoxTreeItem.java:46:9 | src\main\java\dev\railroadide\railroad\ui\RRCheckBoxTreeItem.java:51:9
2	ERROR	SEM_ILLEGAL_FINAL_ASSIGNMENT	Final variable 'value' cannot be assigned here	src\main\java\dev\railroadide\railroad\ide\sst\project\JavaProjectSemanticIndex.java:199:9 | src\main\java\dev\railroadide\railroad\ide\sst\semantic\api\Type.java:153:9
2	ERROR	SEM_MISSING_IMPLEMENTATION	Type is missing implementation for 'getParent()'	src\main\java\dev\railroadide\railroad\gradle\ui\task\GradleTaskTreeBuilder.java:23:1 | src\main\java\dev\railroadide\railroad\utility\json\PathTypeAdapter.java:11:1
2	ERROR	SEM_UNINITIALIZED_FINAL_FIELD	Final field 'content' might not be initialized	src\main\java\dev\railroadide\railroad\ui\RRCard.java:16:5 | src\main\java\dev\railroadide\railroad\ui\RRCard.java:20:5
2	ERROR	SEM_UNRESOLVED_CALL	Cannot resolve call 'getSuffix'	src\main\java\dev\railroadide\railroad\java\cli\impl\JarsignerCLIBuilder.java:746:21 | src\main\java\dev\railroadide\railroad\java\cli\impl\JarsignerCLIBuilder.java:747:35
2	ERROR	SEM_UNINITIALIZED_FINAL_FIELD	Final field 'titleLabel' might not be initialized	src\main\java\dev\railroadide\railroad\ui\RRFormContainer.java:19:5 | src\main\java\dev\railroadide\railroad\ui\RRFormContainer.java:23:5
2	ERROR	SEM_MISSING_IMPLEMENTATION	Type is missing implementation for 'getBuildTreePath()'	src\main\java\dev\railroadide\railroad\gradle\ui\task\GradleTaskTreeBuilder.java:23:1 | src\main\java\dev\railroadide\railroad\gradle\ui\task\GradleTasksPane.java:17:1
2	ERROR	SEM_MISSING_IMPLEMENTATION	Type is missing implementation for 'getPath()'	src\main\java\dev\railroadide\railroad\gradle\ui\task\GradleTaskTreeBuilder.java:23:1 | src\main\java\dev\railroadide\railroad\gradle\ui\task\GradleTasksPane.java:17:1
2	ERROR	SEM_MISSING_IMPLEMENTATION	Type is missing implementation for 'getProject()'	src\main\java\dev\railroadide\railroad\gradle\ui\task\GradleTaskTreeBuilder.java:23:1 | src\main\java\dev\railroadide\railroad\gradle\ui\task\GradleTasksPane.java:17:1
2	ERROR	SEM_INCOMPATIBLE_ASSIGNMENT	Cannot assign 'dev.railroadide.railroad.ide.sst.semantic.api.Type.VoidType' to 'dev.railroadide.railroad.ide.sst.semantic.api.Type'	src\main\java\dev\railroadide\railroad\plugin\spi\inspection\JavaRuleContext.java:2591:13 | src\main\java\dev\railroadide\railroad\plugin\spi\inspection\JavaRuleContext.java:2597:13
2	ERROR	SEM_MISSING_IMPLEMENTATION	Type is missing implementation for 'getGroup()'	src\main\java\dev\railroadide\railroad\gradle\ui\task\GradleTaskTreeBuilder.java:23:1 | src\main\java\dev\railroadide\railroad\gradle\ui\task\GradleTasksPane.java:17:1
2	ERROR	SEM_INCOMPATIBLE_ASSIGNMENT	Cannot assign 'ArrayList' to 'java.util.function.Supplier'	src\main\java\dev\railroadide\railroad\form\impl\ComboBoxComponent.java:472:40 | src\main\java\dev\railroadide\railroad\ide\runconfig\ui\form\RunConfigurationPickerComponent.java:109:13
2	ERROR	SEM_INCOMPATIBLE_ASSIGNMENT	Cannot assign 'T' to 'dev.railroadide.railroad.ide.sst.semantic.api.Type'	src\main\java\dev\railroadide\railroad\ide\sst\impl\java\JavaSemanticAnalyzer.java:4372:13 | src\main\java\dev\railroadide\railroad\ide\sst\semantic\api\Type.java:102:13
2	ERROR	SEM_UNRESOLVED_MEMBER	Cannot resolve member 'DISABLED'	src\main\java\dev\railroadide\railroad\ui\RRNavigationItem.java:114:46 | src\main\java\dev\railroadide\railroad\ui\RRNavigationItem.java:127:46
2	ERROR	SEM_UNRESOLVED_MEMBER	Cannot resolve member 'LEFT'	src\main\java\dev\railroadide\railroad\ui\RRSidebar.java:17:56 | src\main\java\dev\railroadide\railroad\ui\RRSidebar.java:167:58
2	ERROR	SEM_UNRESOLVED_MEMBER	Cannot resolve member 'ENVIRONMENT'	src\main\java\dev\railroadide\railroad\java\cli\impl\JarsignerCLIBuilder.java:283:65 | src\main\java\dev\railroadide\railroad\java\cli\impl\JarsignerCLIBuilder.java:336:63
2	ERROR	SEM_UNRESOLVED_MEMBER	Cannot resolve member 'DIRECT'	src\main\java\dev\railroadide\railroad\java\cli\impl\JarsignerCLIBuilder.java:273:65 | src\main\java\dev\railroadide\railroad\java\cli\impl\JarsignerCLIBuilder.java:326:63
2	ERROR	SEM_MISSING_IMPLEMENTATION	Type is missing implementation for 'getArguments()'	src\main\java\dev\railroadide\railroad\gradle\ui\task\GradleTaskTreeBuilder.java:23:1 | src\main\java\dev\railroadide\railroad\gradle\ui\task\GradleTasksPane.java:17:1
2	ERROR	SEM_DUPLICATE_DECLARATION	Duplicate declaration for 'i'	src\main\java\dev\railroadide\railroad\ide\sst\impl\java\JavaParserBenchmarkRunner.java:81:17 | src\main\java\dev\railroadide\railroad\utility\StringUtils.java:188:17
2	ERROR	SEM_MISSING_IMPLEMENTATION	Type is missing implementation for 'module()'	src\main\java\dev\railroadide\railroad\gradle\ui\task\GradleTaskTreeBuilder.java:23:1 | src\main\java\dev\railroadide\railroad\gradle\ui\task\GradleTasksPane.java:17:1
2	ERROR	SEM_UNRESOLVED_CALL	Cannot resolve call 'isStatic'	src\main\java\dev\railroadide\railroad\ide\sst\impl\java\JavaSemanticAnalyzer.java:3239:89 | src\main\java\dev\railroadide\railroad\ide\sst\impl\java\JavaSemanticAnalyzer.java:3263:88
2	ERROR	SEM_INCOMPATIBLE_ASSIGNMENT	Cannot assign 'dev.railroadide.railroad.settings.Setting' to 'java.lang.Long'	src\main\java\dev\railroadide\railroad\vcs\git\GitCommands.java:286:13 | src\main\java\dev\railroadide\railroad\vcs\git\util\GitLocator.java:25:13
2	ERROR	SEM_INACCESSIBLE_CALL	Call 'SimpleJavaFileObject' is not accessible from here	src\main\java\dev\railroadide\railroad\ide\diagnostics\JavaDiagnosticsProvider.java:61:40 | src\main\java\dev\railroadide\railroad\ide\diagnostics\JdtDiagnosticsProvider.java:42:40
2	ERROR	SEM_INCOMPATIBLE_ASSIGNMENT	Cannot assign 'char[]' to 'char'	src\main\java\dev\railroadide\railroad\ide\diagnostics\JavaDiagnosticsProvider.java:135:17 | src\main\java\dev\railroadide\railroad\ide\diagnostics\JdtDiagnosticsProvider.java:80:17
2	ERROR	SEM_INVALID_OVERRIDE	Invalid override for 'getKind'	src\main\java\dev\railroadide\railroad\ide\diagnostics\EditorDiagnostic.java:10:1 | src\main\java\dev\railroadide\railroad\ide\diagnostics\EditorDiagnostic.java:20:5
2	ERROR	SEM_MISSING_IMPLEMENTATION	Type is missing implementation for 'getDisplayName()'	src\main\java\dev\railroadide\railroad\gradle\ui\task\GradleTaskTreeBuilder.java:23:1 | src\main\java\dev\railroadide\railroad\gradle\ui\task\GradleTasksPane.java:17:1
2	ERROR	SEM_INCOMPATIBLE_ASSIGNMENT	Cannot assign 'T' to 'dev.railroadide.railroad.ide.sst.project.JavaProjectSemanticIndex.SourceFileIndex'	src\main\java\dev\railroadide\railroad\ide\sst\project\JavaProjectSemanticIndex.java:124:28 | src\main\java\dev\railroadide\railroad\ide\sst\project\JavaProjectSemanticIndex.java:223:13
2	ERROR	SEM_UNRESOLVED_CALL	Cannot resolve call 'classStubsByQualifiedName'	src\main\java\dev\railroadide\railroad\ide\sst\project\JavaJdkSymbolIndex.java:16:9 | src\main\java\dev\railroadide\railroad\ide\sst\project\JavaLibrarySymbolIndex.java:24:9
2	ERROR	SEM_MISSING_IMPLEMENTATION	Type is missing implementation for 'getProjectIdentifier()'	src\main\java\dev\railroadide\railroad\gradle\ui\task\GradleTaskTreeBuilder.java:23:1 | src\main\java\dev\railroadide\railroad\gradle\ui\task\GradleTasksPane.java:17:1
2	ERROR	SEM_UNINITIALIZED_FINAL_FIELD	Final field 'headerLabel' might not be initialized	src\main\java\dev\railroadide\railroad\ui\RRFormSection.java:19:5 | src\main\java\dev\railroadide\railroad\ui\RRFormSection.java:23:5
2	ERROR	SEM_UNINITIALIZED_FINAL_FIELD	Final field 'contentArea' might not be initialized	src\main\java\dev\railroadide\railroad\ui\RRFormSection.java:19:5 | src\main\java\dev\railroadide\railroad\ui\RRFormSection.java:23:5
2	ERROR	SEM_UNINITIALIZED_FINAL_FIELD	Final field 'formContent' might not be initialized	src\main\java\dev\railroadide\railroad\ui\RRFormContainer.java:19:5 | src\main\java\dev\railroadide\railroad\ui\RRFormContainer.java:23:5
2	ERROR	SEM_INCOMPATIBLE_ASSIGNMENT	Cannot assign 'dev.railroadide.railroad.ide.sst.semantic.api.Type.UnknownType' to 'dev.railroadide.railroad.ide.sst.semantic.api.Type'	src\main\java\dev\railroadide\railroad\plugin\spi\inspection\JavaRuleContext.java:2593:13 | src\main\java\dev\railroadide\railroad\plugin\spi\inspection\JavaRuleContext.java:2805:21
2	ERROR	SEM_UNINITIALIZED_FINAL_FIELD	Final field 'icon' might not be initialized	src\main\java\dev\railroadide\railroad\vcs\connections\ProfileType.java:40:5 | src\main\java\dev\railroadide\railroad\welcome\WelcomeLeftPane.java:76:9
2	ERROR	SEM_INCOMPATIBLE_ASSIGNMENT	Cannot assign 'T' to 'dev.railroadide.railroad.ide.language.index.ProjectIndexContext'	src\main\java\dev\railroadide\railroad\ide\diagnostics\ProjectDiagnosticsContext.java:25:9 | src\main\java\dev\railroadide\railroad\ide\language\index\ProjectLanguageIndexCoordinator.java:34:9
2	ERROR	SEM_INCOMPATIBLE_ASSIGNMENT	Cannot assign 'dev.railroadide.railroad.settings.Setting' to 'java.nio.file.Path'	src\main\java\dev\railroadide\railroad\ide\ui\setup\TerminalFactory.java:250:13 | src\main\java\dev\railroadide\railroad\project\RailroadProject.java:81:13
2	ERROR	SEM_MISSING_IMPLEMENTATION	Type is missing implementation for 'createDetailsNode(T)'	src\main\java\dev\railroadide\railroad\ide\ui\git\branches\GitLocalBranchesListView.java:27:1 | src\main\java\dev\railroadide\railroad\ide\ui\git\branches\GitRemoteBranchesListView.java:22:1
2	ERROR	SEM_UNRESOLVED_CALL	Cannot resolve call 'createLocalizedDetailsRow'	src\main\java\dev\railroadide\railroad\ide\ui\git\branches\GitLocalBranchesListView.java:62:18 | src\main\java\dev\railroadide\railroad\ide\ui\git\branches\GitLocalBranchesListView.java:63:18
2	ERROR	SEM_MISSING_IMPLEMENTATION	Type is missing implementation for 'getTitle()'	src\main\java\dev\railroadide\railroad\ide\ui\git\commit\changes\CommitChangeTreeCell.java:11:1 | src\main\java\dev\railroadide\railroad\ide\ui\git\commit\changes\CommitTreeItem.java:13:1
2	ERROR	SEM_MISSING_IMPLEMENTATION	Type is missing implementation for 'getSelectionHandler()'	src\main\java\dev\railroadide\railroad\ide\ui\git\commit\changes\CommitChangeTreeCell.java:11:1 | src\main\java\dev\railroadide\railroad\ide\ui\git\commit\changes\CommitTreeItem.java:13:1
2	ERROR	SEM_MISSING_IMPLEMENTATION	Type is missing implementation for 'getContextMenu(dev.railroadide.railroad.plugin.spi.dto.Project)'	src\main\java\dev\railroadide\railroad\ide\ui\git\commit\changes\CommitChangeTreeCell.java:11:1 | src\main\java\dev\railroadide\railroad\ide\ui\git\commit\changes\CommitTreeItem.java:13:1
2	ERROR	SEM_MISSING_IMPLEMENTATION	Type is missing implementation for 'getSubtitle()'	src\main\java\dev\railroadide\railroad\ide\ui\git\commit\changes\CommitChangeTreeCell.java:11:1 | src\main\java\dev\railroadide\railroad\ide\ui\git\commit\changes\CommitTreeItem.java:13:1
2	ERROR	SEM_MISSING_IMPLEMENTATION	Type is missing implementation for 'getType()'	src\main\java\dev\railroadide\railroad\registry\BasicRegistry.java:11:1 | src\main\java\dev\railroadide\railroad\registry\OrderedRegistry.java:10:1
2	ERROR	SEM_INCOMPATIBLE_ASSIGNMENT	Cannot assign 'java.util.Map' to 'T'	src\main\java\dev\railroadide\railroad\registry\BasicRegistry.java:49:10 | src\main\java\dev\railroadide\railroad\registry\OrderedRegistry.java:48:10
2	ERROR	SEM_MISSING_IMPLEMENTATION	Type is missing implementation for 'getRunConfigManager()'	src\main\java\dev\railroadide\railroad\project\RailroadProject.java:45:1 | src\main\java\dev\railroadide\railroad\ui\nodes\ProjectListCell.java:37:1
2	ERROR	SEM_UNINITIALIZED_FINAL_FIELD	Final field 'aliases' might not be initialized	src\main\java\dev\railroadide\railroad\java\JDK.java:172:9 | src\main\java\dev\railroadide\railroad\java\JDK.java:181:9
2	ERROR	SEM_UNRESOLVED_CALL	Cannot resolve call 'getGitManager'	src\main\java\dev\railroadide\railroad\ide\ui\git\branches\GitLocalBranchesListView.java:34:28 | src\main\java\dev\railroadide\railroad\ide\ui\git\branches\GitRemoteBranchesListView.java:27:28
2	ERROR	SEM_UNRESOLVED_CALL	Cannot resolve call 'visibleProperty'	src\main\java\dev\railroadide\railroad\form\FormComponent.java:75:34 | src\main\java\dev\railroadide\railroad\form\FormComponent.java:82:38
2	ERROR	SEM_UNRESOLVED_CALL	Cannot resolve call 'Argument'	src\main\java\dev\railroadide\railroad\project\minecraft\pistonmeta\CLIArguments.java:52:42 | src\main\java\dev\railroadide\railroad\project\minecraft\pistonmeta\CLIArguments.java:77:42
2	ERROR	SEM_MISSING_IMPLEMENTATION	Type is missing implementation for 'getDoubleClickHandler()'	src\main\java\dev\railroadide\railroad\ide\ui\git\commit\changes\CommitChangeTreeCell.java:11:1 | src\main\java\dev\railroadide\railroad\ide\ui\git\commit\changes\CommitTreeItem.java:13:1
2	ERROR	SEM_UNRESOLVED_CALL	Cannot resolve call 'tagsByCommit'	src\main\java\dev\railroadide\railroad\ide\ui\git\commit\details\GitCommitDetailsPane.java:65:37 | src\main\java\dev\railroadide\railroad\ide\ui\git\commit\list\GitCommitListViewPane.java:92:37
2	ERROR	SEM_UNRESOLVED_CALL	Cannot resolve call 'headCommitHash'	src\main\java\dev\railroadide\railroad\ide\ui\git\commit\details\GitCommitDetailsPane.java:64:39 | src\main\java\dev\railroadide\railroad\ide\ui\git\commit\list\GitCommitListViewPane.java:91:39
2	ERROR	SEM_UNRESOLVED_CALL	Cannot resolve call 'strip'	src\main\java\dev\railroadide\railroad\ide\ui\git\commit\details\GitCommitCreateTagButton.java:66:29 | src\main\java\dev\railroadide\railroad\ide\ui\git\commit\details\GitCommitNewBranchButton.java:103:29
2	ERROR	SEM_UNINITIALIZED_FINAL_FIELD	Final field 'debuggingManager' might not be initialized	src\main\java\dev\railroadide\railroad\project\RailroadProject.java:66:5 | src\main\java\dev\railroadide\railroad\project\RailroadProject.java:70:5
2	ERROR	SEM_INCOMPATIBLE_ASSIGNMENT	Cannot assign 'java.util.Optional' to 'dev.railroadide.railroad.vcs.git.remote.GitUpstream'	src\main\java\dev\railroadide\railroad\ide\ui\git\overview\GitOverviewHeaderPane.java:199:20 | src\main\java\dev\railroadide\railroad\vcs\git\GitManager.java:363:20
2	ERROR	SEM_UNINITIALIZED_FINAL_FIELD	Final field 'runConfigManager' might not be initialized	src\main\java\dev\railroadide\railroad\project\RailroadProject.java:66:5 | src\main\java\dev\railroadide\railroad\project\RailroadProject.java:70:5
2	ERROR	SEM_UNINITIALIZED_FINAL_FIELD	Final field 'dataStore' might not be initialized	src\main\java\dev\railroadide\railroad\project\RailroadProject.java:66:5 | src\main\java\dev\railroadide\railroad\project\RailroadProject.java:70:5
2	ERROR	SEM_UNRESOLVED_CALL	Cannot resolve call 'bind'	src\main\java\dev\railroadide\railroad\form\FormComponent.java:75:52 | src\main\java\dev\railroadide\railroad\form\FormComponent.java:82:56
2	ERROR	SEM_INCOMPATIBLE_ASSIGNMENT	Cannot assign 'java.util.Optional' to 'com.panemu.tiwulfx.control.dock.DetachableTabPane'	src\main\java\dev\railroadide\railroad\ide\ui\git\commit\changes\FileItem.java:106:26 | src\main\java\dev\railroadide\railroad\ide\ui\git\commit\list\GitCommitListViewPane.java:189:26
2	ERROR	SEM_MISSING_IMPLEMENTATION	Type is missing implementation for 'getGitManager()'	src\main\java\dev\railroadide\railroad\project\RailroadProject.java:45:1 | src\main\java\dev\railroadide\railroad\ui\nodes\ProjectListCell.java:37:1
2	ERROR	SEM_UNRESOLVED_CALL	Cannot resolve call 'getFileName'	src\main\java\dev\railroadide\railroad\ide\ui\git\commit\changes\FileItem.java:36:30 | src\main\java\dev\railroadide\railroad\ide\ui\git\overview\GitOverviewHeaderPane.java:194:70
2	ERROR	SEM_INVALID_OVERRIDE	Invalid override for 'getStyleClass'	src\main\java\dev\railroadide\railroad\gradle\ui\tree\GradleTreeCell.java:7:1 | src\main\java\dev\railroadide\railroad\ide\ui\git\commit\changes\CommitChangeTreeCell.java:11:1
2	ERROR	SEM_INCOMPATIBLE_ASSIGNMENT	Cannot assign 'int' to 'boolean'	src\main\java\dev\railroadide\railroad\ide\ui\git\commit\details\GitCommitCherryPickButton.java:32:28 | src\main\java\dev\railroadide\railroad\ide\ui\git\commit\details\GitCommitCherryPickButton.java:33:28
2	ERROR	SEM_UNRESOLVED_CALL	Cannot resolve call 'getTarget'	src\main\java\dev\railroadide\railroad\ide\ui\git\commit\changes\FileItem.java:59:23 | src\main\java\dev\railroadide\railroad\ide\ui\git\commit\list\GitCommitListViewPane.java:73:23
2	ERROR	SEM_INCOMPATIBLE_ASSIGNMENT	Cannot assign 'dev.railroadide.railroad.registry.Registry' to 'dev.railroadide.railroad.settings.Setting'	src\main\java\dev\railroadide\railroad\settings\handler\SettingsHandler.java:240:15 | src\main\java\dev\railroadide\railroad\settings\handler\SettingsHolder.java:75:23
2	ERROR	SEM_DISALLOWED_EXCEPTION_IN_METHOD_SIGNATURE	Method 'compute' declares disallowed exception 'java.lang.Exception' in its signature	src\main\java\dev\railroadide\railroad\project\creation\service\ChecksumService.java:9:55 | src\main\java\dev\railroadide\railroad\project\onboarding\creation\service\MessageDigestChecksumService.java:13:62
2	ERROR	SEM_UNRESOLVED_CALL	Cannot resolve call 'onStepChanged'	src\main\java\dev\railroadide\railroad\project\onboarding\OnboardingProcess.java:115:29 | src\main\java\dev\railroadide\railroad\project\onboarding\OnboardingProcess.java:299:25
2	ERROR	SEM_UNRESOLVED_CALL	Cannot resolve call 'getBackButton'	src\main\java\dev\railroadide\railroad\project\onboarding\OnboardingProcess.java:196:41 | src\main\java\dev\railroadide\railroad\project\onboarding\OnboardingProcess.java:258:38
2	ERROR	SEM_ILLEGAL_FINAL_ASSIGNMENT	Final variable 'header' cannot be assigned here	src\main\java\dev\railroadide\railroad\vcs\git\status\GitStatusParser.java:67:9 | src\main\java\dev\railroadide\railroad\vcs\git\status\GitStatusParser.java:69:13
2	ERROR	SEM_DISALLOWED_EXCEPTION_IN_METHOD_SIGNATURE	Method 'init' declares disallowed exception 'java.lang.Exception' in its signature	src\main\java\dev\railroadide\railroad\project\creation\service\GitService.java:9:35 | src\main\java\dev\railroadide\railroad\project\onboarding\creation\service\JGitService.java:10:42
2	ERROR	SEM_UNRESOLVED_CALL	Cannot resolve call 'hide'	src\main\java\dev\railroadide\railroad\ide\ui\JsonCodeEditorPane.java:58:50 | src\main\java\dev\railroadide\railroad\ide\ui\JsonCodeEditorPane.java:183:54
2	ERROR	SEM_DISALLOWED_EXCEPTION_IN_METHOD_SIGNATURE	Method 'verify' declares disallowed exception 'java.lang.Exception' in its signature	src\main\java\dev\railroadide\railroad\project\creation\service\ChecksumService.java:14:75 | src\main\java\dev\railroadide\railroad\project\onboarding\creation\service\MessageDigestChecksumService.java:29:82
2	ERROR	SEM_UNRESOLVED_CALL	Cannot resolve call 'getFinishButton'	src\main\java\dev\railroadide\railroad\project\onboarding\OnboardingProcess.java:198:43 | src\main\java\dev\railroadide\railroad\project\onboarding\OnboardingProcess.java:262:40
2	ERROR	SEM_UNRESOLVED_MEMBER	Cannot resolve member 'CREATE'	src\main\java\dev\railroadide\railroad\java\cli\impl\JarCLIBuilder.java:104:40 | src\main\java\dev\railroadide\railroad\java\cli\impl\JmodCLIBuilder.java:88:44
2	ERROR	SEM_INCOMPATIBLE_ASSIGNMENT	Cannot assign 'byte[]' to 'byte'	src\main\java\dev\railroadide\railroad\vcs\git\execution\GitProcessRunner.java:224:25 | src\main\java\dev\railroadide\railroad\vcs\git\execution\GitProcessRunner.java:249:25
2	ERROR	SEM_UNINITIALIZED_FINAL_FIELD	Final field 'gradleManager' might not be initialized	src\main\java\dev\railroadide\railroad\project\RailroadProject.java:66:5 | src\main\java\dev\railroadide\railroad\project\RailroadProject.java:70:5
2	ERROR	SEM_UNRESOLVED_CALL	Cannot resolve call 'getNextButton'	src\main\java\dev\railroadide\railroad\project\onboarding\OnboardingProcess.java:197:41 | src\main\java\dev\railroadide\railroad\project\onboarding\OnboardingProcess.java:254:38
2	ERROR	SEM_UNRESOLVED_MEMBER	Cannot resolve member 'WARNING'	src\main\java\dev\railroadide\railroad\form\ValidationResult.java:39:44 | src\main\java\dev\railroadide\railroad\ide\sst\parser\Parser.java:608:49
2	ERROR	SEM_UNRESOLVED_CALL	Cannot resolve call 'green'	src\main\java\dev\railroadide\railroad\ide\sst\syntax\internal\RedNode.java:12:9 | src\main\java\dev\railroadide\railroad\ide\sst\syntax\internal\RedToken.java:7:9
2	ERROR	SEM_UNRESOLVED_CALL	Cannot resolve call 'setContent'	src\main\java\dev\railroadide\railroad\project\onboarding\OnboardingProcess.java:109:29 | src\main\java\dev\railroadide\railroad\project\onboarding\OnboardingProcess.java:298:25
2	ERROR	SEM_MISSING_IMPLEMENTATION	Type is missing implementation for 'getDataStore()'	src\main\java\dev\railroadide\railroad\project\RailroadProject.java:45:1 | src\main\java\dev\railroadide\railroad\ui\nodes\ProjectListCell.java:37:1
2	ERROR	SEM_INCOMPATIBLE_ASSIGNMENT	Cannot assign 'int' to 'int[]'	src\main\java\dev\railroadide\railroad\ide\ui\codeeditor\CodeEditorPane.java:920:13 | src\main\java\dev\railroadide\railroad\ide\ui\codeeditor\CodeEditorPane.java:922:13
2	ERROR	SEM_UNRESOLVED_CALL	Cannot resolve call 'version'	src\main\java\dev\railroadide\railroad\project\facet\detector\FabricFacetDetector.java:64:75 | src\main\java\dev\railroadide\railroad\switchboard\repositories\FabricLoaderVersionRepository.java:86:64
2	ERROR	SEM_UNRESOLVED_CALL	Cannot resolve call 'getValidContexts'	src\main\java\dev\railroadide\railroad\settings\keybinds\KeybindHandler.java:24:25 | src\main\java\dev\railroadide\railroad\settings\keybinds\KeybindHandler.java:24:73
2	ERROR	SEM_MISSING_IMPLEMENTATION	Type is missing implementation for 'getDebuggingManager()'	src\main\java\dev\railroadide\railroad\project\RailroadProject.java:45:1 | src\main\java\dev\railroadide\railroad\ui\nodes\ProjectListCell.java:37:1
2	ERROR	SEM_UNRESOLVED_CALL	Cannot resolve call 'getFirst'	src\test\java\dev\railroadide\railroad\ide\classparser\ClassStubParserTest.java:30:75 | src\test\java\dev\railroadide\railroad\ide\classparser\ClassStubParserTest.java:31:72
2	ERROR	SEM_UNINITIALIZED_FINAL_FIELD	Final field 'name' might not be initialized	src\main\java\dev\railroadide\railroad\project\License.java:17:25 | src\main\java\dev\railroadide\railroad\vcs\connections\ProfileType.java:40:5
2	ERROR	SEM_UNRESOLVED_CALL	Cannot resolve call 'onBusyStateChanged'	src\main\java\dev\railroadide\railroad\project\onboarding\OnboardingProcess.java:83:67 | src\main\java\dev\railroadide\railroad\project\onboarding\OnboardingProcess.java:84:21
2	ERROR	SEM_INCOMPATIBLE_ASSIGNMENT	Cannot assign 'T' to 'java.lang.Enum'	src\test\java\dev\railroadide\railroad\java\cli\JarsignerCLIBuilderTest.java:22:16 | src\test\java\dev\railroadide\railroad\java\cli\JarsignerCLIBuilderTest.java:36:16
2	ERROR	SEM_UNRESOLVED_CALL	Cannot resolve call 'LocalizedLabel'	src\main\java\dev\railroadide\railroad\settings\ui\DetectedJdkListPane.java:40:50 | src\main\java\dev\railroadide\railroad\welcome\WelcomeHeaderPane.java:27:57
2	ERROR	SEM_UNRESOLVED_MEMBER	Cannot resolve member 'length'	src\main\java\dev\railroadide\railroad\settings\keybinds\KeybindsList.java:406:70 | src\main\java\dev\railroadide\railroad\settings\keybinds\KeybindsList.java:408:46
2	ERROR	SEM_DISALLOWED_EXCEPTION_IN_METHOD_SIGNATURE	Method 'apply' declares disallowed exception 'java.lang.Exception' in its signature	src\main\java\dev\railroadide\railroad\project\creation\service\TemplateEngineService.java:9:71 | src\main\java\dev\railroadide\railroad\project\onboarding\creation\service\GroovyTemplateEngineService.java:15:78
2	ERROR	SEM_DISALLOWED_EXCEPTION_IN_METHOD_SIGNATURE	Method 'initialCommit' declares disallowed exception 'java.lang.Exception' in its signature	src\main\java\dev\railroadide\railroad\project\creation\service\GitService.java:14:60 | src\main\java\dev\railroadide\railroad\project\onboarding\creation\service\JGitService.java:15:67
2	ERROR	SEM_INCOMPATIBLE_ASSIGNMENT	Cannot assign 'T' to 'java.lang.RuntimeException'	src\test\java\dev\railroadide\railroad\java\cli\ProcessExecutionTest.java:29:25 | src\test\java\dev\railroadide\railroad\java\cli\ProcessExecutionTest.java:40:25
2	ERROR	SEM_MISSING_IMPLEMENTATION	Type is missing implementation for 'getGradleManager()'	src\main\java\dev\railroadide\railroad\project\RailroadProject.java:45:1 | src\main\java\dev\railroadide\railroad\ui\nodes\ProjectListCell.java:37:1
2	ERROR	SEM_MISSING_IMPLEMENTATION	Type is missing implementation for 'getAuthor()'	src\main\java\dev\railroadide\railroad\plugin\defaults\DefaultPluginDescriptor.java:11:1 | src\main\java\dev\railroadide\railroad\plugin\ui\PluginsPane.java:394:5
2	ERROR	SEM_MISSING_IMPLEMENTATION	Type is missing implementation for 'getVersion()'	src\main\java\dev\railroadide\railroad\plugin\defaults\DefaultPluginDescriptor.java:11:1 | src\main\java\dev\railroadide\railroad\plugin\ui\PluginsPane.java:394:5
2	ERROR	SEM_MISSING_IMPLEMENTATION	Type is missing implementation for 'getWebsite()'	src\main\java\dev\railroadide\railroad\plugin\defaults\DefaultPluginDescriptor.java:11:1 | src\main\java\dev\railroadide\railroad\plugin\ui\PluginsPane.java:394:5
2	ERROR	SEM_MISSING_IMPLEMENTATION	Type is missing implementation for 'getIconPath()'	src\main\java\dev\railroadide\railroad\plugin\defaults\DefaultPluginDescriptor.java:11:1 | src\main\java\dev\railroadide\railroad\plugin\ui\PluginsPane.java:394:5
2	ERROR	SEM_UNRESOLVED_MEMBER	Cannot resolve member 'selectedSupplier'	src\main\java\dev\railroadide\railroad\form\impl\RadioButtonGroupComponent.java:46:46 | src\main\java\dev\railroadide\railroad\form\impl\RadioButtonGroupComponent.java:107:33
2	ERROR	SEM_INCOMPATIBLE_ASSIGNMENT	Cannot assign 'java.util.Map' to 'dev.railroadide.railroad.ide.classparser.stub.ClassStub'	src\main\java\dev\railroadide\railroad\ide\diagnostics\inspections\CoreSerializableClassWithUnconstructableAncestorInspection.java:73:18 | src\main\java\dev\railroadide\railroad\ide\sst\impl\java\JavaSemanticAnalyzer.java:1748:54
2	ERROR	SEM_ILLEGAL_FINAL_ASSIGNMENT	Final variable 'input' cannot be assigned here	src\main\java\dev\railroadide\railroad\utility\FuzzySearch.java:41:9 | src\main\java\dev\railroadide\railroad\utility\FuzzySearch.java:42:9
2	ERROR	SEM_UNINITIALIZED_FINAL_FIELD	Final field 'type' might not be initialized	src\main\java\dev\railroadide\railroad\ide\runconfig\RunConfiguration.java:47:5 | src\main\java\dev\railroadide\railroad\project\facet\Facet.java:38:5
2	ERROR	SEM_MISSING_IMPLEMENTATION	Type is missing implementation for 'isCanBeConsumed()'	src\main\java\dev\railroadide\railroad\gradle\ui\deps\GradleDependenciesPane.java:15:1 | src\main\java\dev\railroadide\railroad\gradle\ui\deps\GradleDependencyTreeBuilder.java:18:1
2	ERROR	SEM_UNRESOLVED_CALL	Cannot resolve call 'UpdateGradlePropertiesStep'	src\main\java\dev\railroadide\railroad\project\onboarding\creation\DefaultProjectCreationPipelineService.java:49:20 | src\main\java\dev\railroadide\railroad\project\onboarding\creation\DefaultProjectCreationPipelineService.java:66:20
2	ERROR	SEM_UNRESOLVED_CALL	Cannot resolve call 'RenameClassesStep'	src\main\java\dev\railroadide\railroad\project\onboarding\creation\DefaultProjectCreationPipelineService.java:53:20 | src\main\java\dev\railroadide\railroad\project\onboarding\creation\DefaultProjectCreationPipelineService.java:69:20
2	ERROR	SEM_MISSING_IMPLEMENTATION	Type is missing implementation for 'getMainClass()'	src\main\java\dev\railroadide\railroad\plugin\defaults\DefaultPluginDescriptor.java:11:1 | src\main\java\dev\railroadide\railroad\plugin\ui\PluginsPane.java:394:5
2	ERROR	SEM_DISALLOWED_EXCEPTION_IN_METHOD_SIGNATURE	Method 'createProject' declares disallowed exception 'java.lang.Exception' in its signature	src\test\java\dev\railroadide\railroad\ide\language\index\ProjectLanguageIndexCoordinatorTest.java:110:53 | src\test\java\dev\railroadide\railroad\ide\sst\project\ProjectLanguageIndexServiceTest.java:214:114
2	ERROR	SEM_INVALID_OVERRIDE	Invalid override for 'required'	src\main\java\dev\railroadide\railroad\form\impl\RadioButtonGroupComponent.java:114:5 | src\main\java\dev\railroadide\railroad\form\impl\RadioButtonGroupComponent.java:164:9
2	ERROR	SEM_INCOMPATIBLE_ASSIGNMENT	Cannot assign 'T' to 'java.util.function.Function'	src\main\java\dev\railroadide\railroad\form\impl\RadioButtonGroupComponent.java:274:13 | src\main\java\dev\railroadide\railroad\project\onboarding\step\OnboardingFormStep.java:54:9
2	ERROR	SEM_UNRESOLVED_MEMBER	Cannot resolve member 'SOURCE_FILE'	src\main\java\dev\railroadide\railroad\java\cli\impl\JavaExecutableCLIBuilder.java:101:56 | src\main\java\dev\railroadide\railroad\java\cli\impl\JavaExecutableCLIBuilder.java:964:38
2	ERROR	SEM_INCOMPATIBLE_ASSIGNMENT	Cannot assign 'T' to 'java.util.function.Supplier'	src\main\java\dev\railroadide\railroad\form\impl\RadioButtonGroupComponent.java:270:13 | src\main\java\dev\railroadide\railroad\project\onboarding\step\OnboardingFormStep.java:48:9
2	ERROR	SEM_UNRESOLVED_CALL	Cannot resolve call 'SimpleJavaInspectionRule'	src\main\java\dev\railroadide\railroad\ide\diagnostics\inspections\CoreImportInspection.java:36:19 | src\main\java\dev\railroadide\railroad\ide\diagnostics\inspections\CoreNameResolutionInspection.java:37:19
2	ERROR	SEM_INVALID_OVERRIDE	Invalid override for 'optionLabelProvider'	src\main\java\dev\railroadide\railroad\form\impl\RadioButtonGroupComponent.java:114:5 | src\main\java\dev\railroadide\railroad\form\impl\RadioButtonGroupComponent.java:187:9
2	ERROR	SEM_INVALID_OVERRIDE	Invalid override for 'options'	src\main\java\dev\railroadide\railroad\form\impl\RadioButtonGroupComponent.java:114:5 | src\main\java\dev\railroadide\railroad\form\impl\RadioButtonGroupComponent.java:155:9
2	ERROR	SEM_INVALID_OVERRIDE	Invalid override for 'spacing'	src\main\java\dev\railroadide\railroad\form\impl\RadioButtonGroupComponent.java:114:5 | src\main\java\dev\railroadide\railroad\form\impl\RadioButtonGroupComponent.java:182:9
2	ERROR	SEM_INVALID_OVERRIDE	Invalid override for 'translateOptions'	src\main\java\dev\railroadide\railroad\form\impl\RadioButtonGroupComponent.java:114:5 | src\main\java\dev\railroadide\railroad\form\impl\RadioButtonGroupComponent.java:192:9
2	ERROR	SEM_UNRESOLVED_CALL	Cannot resolve call 'toArray'	src\main\java\dev\railroadide\railroad\java\cli\impl\JavadocCLIBuilder.java:1344:94 | src\main\java\dev\railroadide\railroad\ui\localized\LocalizedTextProperty.java:81:89
2	ERROR	SEM_INCOMPATIBLE_ASSIGNMENT	Cannot assign 'dev.railroadide.railroad.ide.language.index.ProjectLanguageIndexer' to 'I'	src\main\java\dev\railroadide\railroad\ide\language\index\ProjectLanguageIndexService.java:180:10 | src\main\java\dev\railroadide\railroad\ide\language\index\ProjectLanguageIndexService.java:203:10
2	ERROR	SEM_UNRESOLVED_CALL	Cannot resolve call 'supports'	src\main\java\dev\railroadide\railroad\ide\language\LanguageSupportRegistry.java:54:40 | src\main\java\dev\railroadide\railroad\project\MappingChannelRegistry.java:51:36
2	ERROR	SEM_MISSING_IMPLEMENTATION	Type is missing implementation for 'isCanBeResolved()'	src\main\java\dev\railroadide\railroad\gradle\ui\deps\GradleDependenciesPane.java:15:1 | src\main\java\dev\railroadide\railroad\gradle\ui\deps\GradleDependencyTreeBuilder.java:18:1
2	ERROR	SEM_UNRESOLVED_CALL	Cannot resolve call 'getIcon'	src\main\java\dev\railroadide\railroad\ide\projectexplorer\dialog\CreateFileDialog.java:195:33 | src\main\java\dev\railroadide\railroad\welcome\WelcomeLeftPane.java:91:34
2	ERROR	SEM_MISSING_IMPLEMENTATION	Type is missing implementation for 'evaluate(C,dev.railroadide.railroad.plugin.spi.inspection.LanguageInspectionRuleReporter)'	src\main\java\dev\railroadide\railroad\ide\diagnostics\inspections\SimpleJavaInspectionRule.java:11:1 | src\test\java\dev\railroadide\railroad\ide\diagnostics\JavaDiagnosticsProviderTest.java:113:5
2	ERROR	SEM_INCOMPATIBLE_ASSIGNMENT	Cannot assign 'T' to 'dev.railroadide.railroad.project.creation.mixin.MixinConfig'	src\main\java\dev\railroadide\railroad\project\onboarding\creation\step\RenameMixinsStep.java:39:20 | src\main\java\dev\railroadide\railroad\project\onboarding\creation\step\RenameMixinsStep.java:51:24
2	ERROR	SEM_UNRESOLVED_MEMBER	Cannot resolve member 'textField'	src\main\java\dev\railroadide\railroad\form\ui\FormDirectoryChooser.java:95:55 | src\main\java\dev\railroadide\railroad\form\ui\FormFileChooser.java:71:55
2	ERROR	SEM_UNRESOLVED_CALL	Cannot resolve call 'toAbsolutePath'	src\main\java\dev\railroadide\railroad\ide\projectexplorer\PathTreeCell.java:248:68 | src\main\java\dev\railroadide\railroad\ide\projectexplorer\ProjectExplorerPane.java:580:61
2	ERROR	SEM_UNRESOLVED_MEMBER	Cannot resolve member 'severityOverride'	src\main\java\dev\railroadide\railroad\ide\diagnostics\ui\JavaInspectionRuleSettingsPane.java:69:54 | src\main\java\dev\railroadide\railroad\ide\diagnostics\ui\JavaInspectionRuleSettingsPane.java:88:17
2	ERROR	SEM_UNRESOLVED_CALL	Cannot resolve call 'methods'	src\test\java\dev\railroadide\railroad\ide\sst\impl\java\JavaSemanticAnalyzerTest.java:893:98 | src\test\java\dev\railroadide\railroad\ide\sst\impl\java\JavaSemanticAnalyzerTest.java:895:98
2	ERROR	SEM_DUPLICATE_DECLARATION	Duplicate declaration for 'row'	src\main\java\dev\railroadide\railroad\ide\diagnostics\ui\JavaInspectionRuleSettingsPane.java:63:14 | src\main\java\dev\railroadide\railroad\ide\diagnostics\ui\JavaInspectionRuleSettingsPane.java:86:14
2	ERROR	SEM_UNRESOLVED_CALL	Cannot resolve call 'toEpochSecond'	src\main\java\dev\railroadide\railroad\project\onboarding\creation\step\ResolveFabricMdkVersionStep.java:70:50 | src\main\java\dev\railroadide\railroad\project\onboarding\creation\step\ResolveFabricMdkVersionStep.java:81:56
2	ERROR	SEM_UNRESOLVED_CALL	Cannot resolve call 'InitGitStep'	src\main\java\dev\railroadide\railroad\project\onboarding\creation\DefaultProjectCreationPipelineService.java:57:20 | src\main\java\dev\railroadide\railroad\project\onboarding\creation\DefaultProjectCreationPipelineService.java:76:20
2	ERROR	SEM_INACCESSIBLE_MEMBER	Member 'ENTRY_CREATE' is not accessible from here	src\main\java\dev\railroadide\railroad\ide\projectexplorer\task\WatchTask.java:55:40 | src\main\java\dev\railroadide\railroad\ide\projectexplorer\task\WatchTask.java:94:46
2	ERROR	SEM_UNRESOLVED_MEMBER	Cannot resolve member 'promptText'	src\main\java\dev\railroadide\railroad\form\impl\TextAreaComponent.java:47:103 | src\main\java\dev\railroadide\railroad\form\impl\TextFieldComponent.java:53:104
2	ERROR	SEM_UNRESOLVED_CALL	Cannot resolve call 'UpdateGradleFilesStep'	src\main\java\dev\railroadide\railroad\project\onboarding\creation\DefaultProjectCreationPipelineService.java:54:20 | src\main\java\dev\railroadide\railroad\project\onboarding\creation\DefaultProjectCreationPipelineService.java:70:20
2	ERROR	SEM_INCOMPATIBLE_ASSIGNMENT	Cannot assign 'T' to 'dev.railroadide.railroad.ide.sst.semantic.api.SemanticDiagnostic$Severity'	src\main\java\dev\railroadide\railroad\ide\diagnostics\inspections\SimpleJavaInspectionRule.java:31:9 | src\main\java\dev\railroadide\railroad\ide\diagnostics\rules\java\JavaSemanticRule.java:17:9
2	ERROR	SEM_UNRESOLVED_MEMBER	Cannot resolve member 'METADATA'	src\main\java\dev\railroadide\railroad\java\cli\impl\JfrCLIBuilder.java:135:38 | src\main\java\dev\railroadide\railroad\java\cli\impl\JfrCLIBuilder.java:146:38
2	ERROR	SEM_INCOMPATIBLE_ASSIGNMENT	Cannot assign 'I' to 'dev.railroadide.railroad.ide.language.index.ProjectLanguageIndex'	src\main\java\dev\railroadide\railroad\ide\language\index\ProjectLanguageIndexService.java:111:32 | src\main\java\dev\railroadide\railroad\ide\language\index\ProjectLanguageIndexService.java:147:32
2	ERROR	SEM_INCOMPATIBLE_ASSIGNMENT	Cannot assign 'NullableI' to 'I'	src\main\java\dev\railroadide\railroad\ide\language\index\ProjectLanguageIndexService.java:175:10 | src\main\java\dev\railroadide\railroad\ide\language\index\ProjectLanguageIndexService.java:199:10
2	ERROR	SEM_INCOMPATIBLE_ASSIGNMENT	Cannot assign 'T' to 'dev.railroadide.railroad.switchboard.pojo.FabricLoaderVersion'	src\main\java\dev\railroadide\railroad\project\onboarding\creation\step\UpdateFabricModJsonStep.java:128:36 | src\main\java\dev\railroadide\railroad\project\onboarding\creation\step\UpdateGradlePropertiesStep.java:76:32
2	ERROR	SEM_INCOMPATIBLE_ASSIGNMENT	Cannot assign 'T' to 'dev.railroadide.railroad.project.ProjectType'	src\main\java\dev\railroadide\railroad\project\onboarding\creation\step\UpdateGradleFilesStep.java:120:20 | src\main\java\dev\railroadide\railroad\project\onboarding\creation\step\UpdateGradlePropertiesStep.java:41:20
2	ERROR	SEM_UNRESOLVED_MEMBER	Cannot resolve member 'SCRUB'	src\main\java\dev\railroadide\railroad\java\cli\impl\JfrCLIBuilder.java:175:38 | src\main\java\dev\railroadide\railroad\java\cli\impl\JfrCLIBuilder.java:190:38
2	ERROR	SEM_UNRESOLVED_MEMBER	Cannot resolve member 'NARROWING'	src\main\java\dev\railroadide\railroad\ide\diagnostics\inspections\CoreImplicitNumericConversionInspection.java:159:52 | src\main\java\dev\railroadide\railroad\ide\diagnostics\inspections\CoreImplicitNumericConversionInspection.java:298:35
2	ERROR	SEM_UNRESOLVED_MEMBER	Cannot resolve member 'SAVED'	src\main\java\dev\railroadide\railroad\plugin\spi\events\DocumentEvent.java:50:39 | src\main\java\dev\railroadide\railroad\plugin\spi\events\FileEvent.java:51:39
2	ERROR	SEM_INCOMPATIBLE_ASSIGNMENT	Cannot assign 'T' to 'dev.railroadide.railroad.ide.sst.lexer.Lexer'	src\main\java\dev\railroadide\railroad\ide\sst\impl\java\JavaGreenParser.java:155:9 | src\main\java\dev\railroadide\railroad\ide\sst\parser\Parser.java:32:9
2	ERROR	SEM_INCOMPATIBLE_ASSIGNMENT	Cannot assign 'T' to 'java.util.concurrent.Executor'	src\main\java\dev\railroadide\railroad\gradle\service\impl\ToolingGradleExecutionService.java:40:9 | src\main\java\dev\railroadide\railroad\gradle\service\impl\ToolingGradleModelService.java:55:9
2	ERROR	SEM_UNRESOLVED_MEMBER	Cannot resolve member 'DELETED'	src\main\java\dev\railroadide\railroad\plugin\spi\events\DocumentEvent.java:59:39 | src\main\java\dev\railroadide\railroad\plugin\spi\events\FileEvent.java:60:39
2	ERROR	SEM_UNRESOLVED_CALL	Cannot resolve call 'titleKey'	src\main\java\dev\railroadide\railroad\ui\localized\LocalizedTab.java:24:9 | src\main\java\dev\railroadide\railroad\ui\localized\LocalizedTitledPane.java:14:9
2	ERROR	SEM_UNRESOLVED_CALL	Cannot resolve call 'title'	src\main\java\dev\railroadide\railroad\project\onboarding\step\OnboardingFormStep.java:295:32 | src\main\java\dev\railroadide\railroad\ui\RRFormContainer.java:24:9
2	ERROR	SEM_UNRESOLVED_MEMBER	Cannot resolve member 'keyFunction'	src\main\java\dev\railroadide\railroad\form\impl\ComboBoxComponent.java:63:158 | src\main\java\dev\railroadide\railroad\form\impl\ComboBoxComponent.java:65:101
2	ERROR	SEM_UNRESOLVED_CALL	Cannot resolve call 'getState'	src\main\java\dev\railroadide\railroad\java\cli\impl\JavaExecutableCLIBuilder.java:286:54 | src\main\java\dev\railroadide\railroad\java\cli\impl\JavaExecutableCLIBuilder.java:1169:67
2	ERROR	SEM_UNRESOLVED_CALL	Cannot resolve call 'definitelyAssigned'	src\main\java\dev\railroadide\railroad\ide\diagnostics\inspections\CoreDefiniteAssignmentInspection.java:1603:43 | src\main\java\dev\railroadide\railroad\ide\diagnostics\inspections\CoreDefiniteAssignmentInspection.java:1753:36
2	ERROR	SEM_UNRESOLVED_CALL	Cannot resolve call 'maybeAssigned'	src\main\java\dev\railroadide\railroad\ide\diagnostics\inspections\CoreDefiniteAssignmentInspection.java:1604:35 | src\main\java\dev\railroadide\railroad\ide\diagnostics\inspections\CoreDefiniteAssignmentInspection.java:1754:31
2	ERROR	SEM_UNRESOLVED_MEMBER	Cannot resolve member 'ACTIVATED'	src\main\java\dev\railroadide\railroad\plugin\spi\events\DocumentEvent.java:68:39 | src\main\java\dev\railroadide\railroad\plugin\spi\events\FileEvent.java:69:39
2	ERROR	SEM_UNASSIGNED_VARIABLE	Variable 'next' might not have been initialized	src\main\java\dev\railroadide\railroad\ide\sst\impl\java\JavaLexer.java:697:29 | src\main\java\dev\railroadide\railroad\ide\sst\impl\java\JavaLexer.java:699:30
2	ERROR	SEM_UNASSIGNED_VARIABLE	Variable 'count' might not have been initialized	src\main\java\dev\railroadide\railroad\ide\sst\impl\java\JavaLexer.java:693:28 | src\main\java\dev\railroadide\railroad\ide\sst\impl\java\JavaLexer.java:700:25
2	ERROR	SEM_UNRESOLVED_CALL	Cannot resolve call 'getItems'	src\main\java\dev\railroadide\railroad\form\impl\ComboBoxComponent.java:83:56 | src\main\java\dev\railroadide\railroad\form\impl\ComboBoxComponent.java:86:76
2	ERROR	SEM_INCOMPATIBLE_ASSIGNMENT	Cannot assign 'java.util.concurrent.CompletableFuture' to 'dev.railroadide.railroad.gradle.model.GradleBuildModel'	src\main\java\dev\railroadide\railroad\ide\language\impl\index\JavaLanguageIndexContextContributor.java:427:33 | src\main\java\dev\railroadide\railroad\ide\runconfig\defaults\data\GradleRunConfigurationData.java:302:29
2	ERROR	SEM_UNRESOLVED_CALL	Cannot resolve call 'forEach'	src\main\java\dev\railroadide\railroad\ide\language\impl\index\JavaLanguageIndexContextContributor.java:219:22 | src\main\java\dev\railroadide\railroad\settings\keybinds\KeybindHandler.java:27:46
2	ERROR	SEM_UNRESOLVED_CALL	Cannot resolve call 'CreateDirectoriesStep'	src\main\java\dev\railroadide\railroad\project\onboarding\creation\DefaultProjectCreationPipelineService.java:43:20 | src\main\java\dev\railroadide\railroad\project\onboarding\creation\DefaultProjectCreationPipelineService.java:61:20
2	ERROR	SEM_UNRESOLVED_MEMBER	Cannot resolve member 'DEACTIVATED'	src\main\java\dev\railroadide\railroad\plugin\spi\events\DocumentEvent.java:77:39 | src\main\java\dev\railroadide\railroad\plugin\spi\events\FileEvent.java:78:39
2	ERROR	SEM_UNASSIGNED_VARIABLE	Variable 'i' might not have been initialized	src\main\java\dev\railroadide\railroad\ide\sst\impl\java\JavaLexer.java:679:32 | src\main\java\dev\railroadide\railroad\ide\sst\impl\java\JavaLexer.java:679:39
2	ERROR	SEM_UNASSIGNED_VARIABLE	Variable 'val' might not have been initialized	src\main\java\dev\railroadide\railroad\ide\sst\impl\java\JavaLexer.java:684:28 | src\main\java\dev\railroadide\railroad\ide\sst\impl\java\JavaLexer.java:696:35
2	ERROR	SEM_ILLEGAL_FINAL_ASSIGNMENT	Final variable 'condition' cannot be assigned here	src\main\java\dev\railroadide\railroad\ide\diagnostics\inspections\CoreCastConflictingWithInstanceofInspection.java:120:9 | src\main\java\dev\railroadide\railroad\ide\diagnostics\inspections\CoreCastConflictingWithInstanceofInspection.java:161:9
2	ERROR	SEM_UNRESOLVED_CALL	Cannot resolve call 'root'	src\main\java\dev\railroadide\railroad\ide\diagnostics\inspections\CoreDuplicateDeclarationInspection.java:39:86 | src\main\java\dev\railroadide\railroad\ui\RRCheckBoxTreeView.java:18:9
2	ERROR	SEM_UNRESOLVED_MEMBER	Cannot resolve member 'PARALLEL'	src\main\java\dev\railroadide\railroad\ide\runconfig\defaults\data\CompoundRunConfigurationData.java:24:39 | src\main\java\dev\railroadide\railroad\ide\runconfig\defaults\data\CompoundRunConfigurationData.java:72:83
2	ERROR	SEM_UNRESOLVED_CALL	Cannot resolve call 'findFirst'	src\main\java\dev\railroadide\railroad\ide\runconfig\defaults\data\GradleRunConfigurationData.java:319:18 | src\test\java\dev\railroadide\railroad\ide\classparser\ClassStubParserTest.java:26:14
2	ERROR	SEM_DUPLICATE_DECLARATION	Duplicate declaration for 'sourceDir'	src\main\java\dev\railroadide\railroad\ide\language\impl\index\JavaLanguageIndexContextContributor.java:69:30 | src\main\java\dev\railroadide\railroad\ide\language\impl\index\JavaLanguageIndexContextContributor.java:103:30
2	ERROR	SEM_UNRESOLVED_TYPE	Cannot resolve type 'IOExceptionSAXException'	src\main\java\dev\railroadide\railroad\utility\XMLParser.java:36:18 | src\main\java\dev\railroadide\railroad\utility\XMLParser.java:44:18
2	ERROR	SEM_MISSING_IMPLEMENTATION	Type is missing implementation for 'getAttributes()'	src\main\java\dev\railroadide\railroad\gradle\ui\deps\GradleDependenciesPane.java:15:1 | src\main\java\dev\railroadide\railroad\gradle\ui\deps\GradleDependencyTreeBuilder.java:18:1
2	ERROR	SEM_INCOMPATIBLE_ASSIGNMENT	Cannot assign 'T' to 'dev.railroadide.railroad.gradle.GradleEnvironment'	src\main\java\dev\railroadide\railroad\gradle\service\impl\ToolingGradleExecutionService.java:39:9 | src\main\java\dev\railroadide\railroad\gradle\service\impl\ToolingGradleModelService.java:54:9
2	ERROR	SEM_UNRESOLVED_MEMBER	Cannot resolve member 'includeButton'	src\main\java\dev\railroadide\railroad\form\impl\DirectoryChooserComponent.java:47:148 | src\main\java\dev\railroadide\railroad\form\impl\FileChooserComponent.java:37:93
2	ERROR	SEM_MISSING_IMPLEMENTATION	Type is missing implementation for 'isTransitive()'	src\main\java\dev\railroadide\railroad\gradle\ui\deps\GradleDependenciesPane.java:15:1 | src\main\java\dev\railroadide\railroad\gradle\ui\deps\GradleDependencyTreeBuilder.java:18:1
2	ERROR	SEM_MISSING_IMPLEMENTATION	Type is missing implementation for 'getExtendsFrom()'	src\main\java\dev\railroadide\railroad\gradle\ui\deps\GradleDependenciesPane.java:15:1 | src\main\java\dev\railroadide\railroad\gradle\ui\deps\GradleDependencyTreeBuilder.java:18:1
2	ERROR	SEM_DUPLICATE_DECLARATION	Duplicate declaration for 'descriptor'	src\main\java\dev\railroadide\railroad\ide\diagnostics\inspections\CoreFunctionalInterfaceInspection.java:54:18 | src\main\java\dev\railroadide\railroad\plugin\spi\inspection\JavaRuleContext.java:1658:14
2	ERROR	SEM_INVALID_OVERRIDE	Invalid override for 'getChildren'	src\main\java\dev\railroadide\railroad\gradle\ui\deps\GradleDependenciesPane.java:15:1 | src\main\java\dev\railroadide\railroad\gradle\ui\task\GradleTasksPane.java:17:1
2	ERROR	SEM_UNRESOLVED_CALL	Cannot resolve call 'RenamePackagesStep'	src\main\java\dev\railroadide\railroad\project\onboarding\creation\DefaultProjectCreationPipelineService.java:50:20 | src\main\java\dev\railroadide\railroad\project\onboarding\creation\DefaultProjectCreationPipelineService.java:67:20
2	ERROR	SEM_INVALID_OVERRIDE	Invalid override for 'getParent'	src\main\java\dev\railroadide\railroad\gradle\ui\deps\GradleDependenciesPane.java:15:1 | src\main\java\dev\railroadide\railroad\gradle\ui\task\GradleTasksPane.java:17:1
2	ERROR	SEM_MISSING_IMPLEMENTATION	Type is missing implementation for 'getChildren()'	src\main\java\dev\railroadide\railroad\gradle\ui\deps\GradleDependencyTreeBuilder.java:18:1 | src\main\java\dev\railroadide\railroad\gradle\ui\task\GradleTaskTreeBuilder.java:23:1
2	ERROR	SEM_DUPLICATE_DECLARATION	Duplicate declaration for 'exit'	src\main\java\dev\railroadide\railroad\ide\diagnostics\inspections\CoreDefiniteAssignmentInspection.java:1602:18 | src\main\java\dev\railroadide\railroad\ide\diagnostics\inspections\CoreDefiniteAssignmentInspection.java:1752:18
2	ERROR	SEM_INCOMPATIBLE_ASSIGNMENT	Cannot assign 'T' to 'java.net.URL'	src\test\java\dev\railroadide\railroad\ide\sst\impl\java\JavaParserCorpusTest.java:109:12 | src\test\java\dev\railroadide\railroad\ide\sst\impl\java\JavaSemanticAnalyzerTest.java:175:12
2	ERROR	SEM_INCOMPATIBLE_ASSIGNMENT	Cannot assign 'java.util.Optional' to 'dev.railroadide.railroad.project.DisplayTest'	src\main\java\dev\railroadide\railroad\project\onboarding\impl\ForgeProjectOnboarding.java:158:20 | src\main\java\dev\railroadide\railroad\project\onboarding\impl\NeoforgeProjectOnboarding.java:158:20
2	ERROR	SEM_UNRESOLVED_CALL	Cannot resolve call 'distinct'	src\main\java\dev\railroadide\railroad\project\onboarding\impl\ForgeProjectOnboarding.java:695:22 | src\main\java\dev\railroadide\railroad\project\onboarding\impl\NeoforgeProjectOnboarding.java:695:22
1	ERROR	SEM_UNRESOLVED_CALL	Cannot resolve call 'CreateMixinsJsonStep'	src\main\java\dev\railroadide\railroad\project\onboarding\creation\DefaultProjectCreationPipelineService.java:73:20
1	ERROR	SEM_INCOMPATIBLE_ASSIGNMENT	Cannot assign 'java.util.function.Function' to 'T'	src\main\java\dev\railroadide\railroad\settings\Setting.java:363:14
1	ERROR	SEM_INCOMPATIBLE_ASSIGNMENT	Cannot assign 'dev.railroadide.railroad.settings.SettingCodec' to 'T'	src\main\java\dev\railroadide\railroad\settings\Setting.java:341:13
1	ERROR	SEM_UNRESOLVED_MEMBER	Cannot resolve member 'transformer'	src\main\java\dev\railroadide\railroad\project\onboarding\step\OnboardingFormStep.java:120:18
1	ERROR	SEM_UNRESOLVED_CALL	Cannot resolve call 'loaderVersion'	src\main\java\dev\railroadide\railroad\project\facet\detector\FabricFacetDetector.java:61:65
1	ERROR	SEM_UNRESOLVED_CALL	Cannot resolve call 'CreateAccessTransformerStep'	src\main\java\dev\railroadide\railroad\project\onboarding\creation\DefaultProjectCreationPipelineService.java:74:20
1	ERROR	SEM_UNRESOLVED_CALL	Cannot resolve call 'UpdateFabricModJsonStep'	src\main\java\dev\railroadide\railroad\project\onboarding\creation\DefaultProjectCreationPipelineService.java:51:20
1	ERROR	SEM_UNRESOLVED_CALL	Cannot resolve call 'DownloadForgeMdkStep'	src\main\java\dev\railroadide\railroad\project\onboarding\creation\DefaultProjectCreationPipelineService.java:62:20
1	ERROR	SEM_UNRESOLVED_CALL	Cannot resolve call 'setSelectedTheme'	src\main\java\dev\railroadide\railroad\settings\SettingCodecs.java:49:54
1	ERROR	SEM_DISALLOWED_EXCEPTION_IN_METHOD_SIGNATURE	Method 'getOrThrow' declares disallowed exception 'java.lang.Throwable' in its signature	src\main\java\dev\railroadide\railroad\settings\Setting.java:225:70
1	ERROR	SEM_UNRESOLVED_CALL	Cannot resolve call 'RunGenSourcesStep'	src\main\java\dev\railroadide\railroad\project\onboarding\creation\DefaultProjectCreationPipelineService.java:56:20
1	ERROR	SEM_UNRESOLVED_CALL	Cannot resolve call 'RenameMixinsStep'	src\main\java\dev\railroadide\railroad\project\onboarding\creation\DefaultProjectCreationPipelineService.java:52:20
1	ERROR	SEM_UNRESOLVED_CALL	Cannot resolve call 'UpdateForgeModsTomlStep'	src\main\java\dev\railroadide\railroad\project\onboarding\creation\DefaultProjectCreationPipelineService.java:68:20
1	ERROR	SEM_UNINITIALIZED_FINAL_FIELD	Final field 'versionLister' might not be initialized	src\main\java\dev\railroadide\railroad\project\minecraft\MappingChannel.java:23:59
1	ERROR	SEM_UNRESOLVED_CALL	Cannot resolve call 'ExtractForgeMdkStep'	src\main\java\dev\railroadide\railroad\project\onboarding\creation\DefaultProjectCreationPipelineService.java:65:20
1	ERROR	SEM_UNRESOLVED_MEMBER	Cannot resolve member 'reverseTransformer'	src\main\java\dev\railroadide\railroad\project\onboarding\step\OnboardingFormStep.java:121:18
1	ERROR	SEM_UNRESOLVED_MEMBER	Cannot resolve member 'customizer'	src\main\java\dev\railroadide\railroad\project\onboarding\step\OnboardingFormStep.java:122:18
1	ERROR	SEM_UNRESOLVED_CALL	Cannot resolve call 'data'	src\main\java\dev\railroadide\railroad\project\onboarding\impl\FabricProjectOnboarding.java:590:25
1	ERROR	SEM_UNRESOLVED_CALL	Cannot resolve call 'onExit'	src\main\java\dev\railroadide\railroad\project\onboarding\impl\FabricProjectOnboarding.java:588:14
1	ERROR	SEM_MISSING_IMPLEMENTATION	Type is missing implementation for 'getNextButton()'	src\main\java\dev\railroadide\railroad\project\onboarding\ui\BasicOnboardingUI.java:15:1
1	ERROR	SEM_UNRESOLVED_CALL	Cannot resolve call 'getJdk'	src\main\java\dev\railroadide\railroad\project\facet\detector\JavaFacetDetector.java:78:90
1	ERROR	SEM_MISSING_IMPLEMENTATION	Type is missing implementation for 'getBackButton()'	src\main\java\dev\railroadide\railroad\project\onboarding\ui\BasicOnboardingUI.java:15:1
1	ERROR	SEM_UNRESOLVED_CALL	Cannot resolve call 'DownloadFabricExampleModStep'	src\main\java\dev\railroadide\railroad\project\onboarding\creation\DefaultProjectCreationPipelineService.java:45:20
1	ERROR	SEM_UNINITIALIZED_FINAL_FIELD	Final field 'id' might not be initialized	src\main\java\dev\railroadide\railroad\project\minecraft\MappingChannel.java:21:25
1	ERROR	SEM_UNRESOLVED_MEMBER	Cannot resolve member 'component'	src\main\java\dev\railroadide\railroad\project\onboarding\step\OnboardingFormStep.java:118:18
1	ERROR	SEM_UNRESOLVED_MEMBER	Cannot resolve member 'contextKey'	src\main\java\dev\railroadide\railroad\project\onboarding\step\OnboardingFormStep.java:119:18
1	ERROR	SEM_UNINITIALIZED_FINAL_FIELD	Final field 'translationKey' might not be initialized	src\main\java\dev\railroadide\railroad\project\minecraft\MappingChannel.java:22:25
1	ERROR	SEM_INCOMPATIBLE_ASSIGNMENT	Cannot assign 'dev.railroadide.railroad.form.Form.Builder' to 'dev.railroadide.railroad.form.Form$Builder'	src\main\java\dev\railroadide\railroad\project\onboarding\step\OnboardingFormStep.java:414:37
1	ERROR	SEM_INCOMPATIBLE_ASSIGNMENT	Cannot assign 'T' to 'javafx.beans.property.ReadOnlyBooleanProperty'	src\main\java\dev\railroadide\railroad\project\onboarding\step\OnboardingFormStep.java:49:9
1	ERROR	SEM_UNRESOLVED_MEMBER	Cannot resolve member 'builder'	src\main\java\dev\railroadide\railroad\project\onboarding\step\OnboardingFormStep.java:117:18
1	ERROR	SEM_UNRESOLVED_CALL	Cannot resolve call 'borderColor'	src\main\java\dev\railroadide\railroad\project\onboarding\step\OnboardingFormStep.java:295:48
1	ERROR	SEM_UNRESOLVED_TYPE	Cannot resolve type 'GradleExceptionBuildException'	src\main\java\dev\railroadide\railroad\project\facet\detector\FabricFacetDetector.java:76:18
1	ERROR	SEM_MISSING_IMPLEMENTATION	Type is missing implementation for 'getFinishButton()'	src\main\java\dev\railroadide\railroad\project\onboarding\ui\BasicOnboardingUI.java:15:1
1	ERROR	SEM_DISALLOWED_EXCEPTION_IN_METHOD_SIGNATURE	Method 'runTasks' declares disallowed exception 'java.lang.RuntimeException' in its signature	src\main\java\dev\railroadide\railroad\project\onboarding\creation\service\ToolingGradleService.java:29:66
1	ERROR	SEM_INCOMPATIBLE_ASSIGNMENT	Cannot assign 'T' to 'dev.railroadide.railroad.project.creation.modjson.FabricModJson'	src\main\java\dev\railroadide\railroad\project\onboarding\creation\step\UpdateFabricModJsonStep.java:87:30
1	ERROR	SEM_INCOMPATIBLE_ASSIGNMENT	Cannot assign 'dev.railroadide.railroad.switchboard.pojo.MinecraftVersion.Type' to 'dev.railroadide.railroad.switchboard.pojo.MinecraftVersion$Type'	src\main\java\dev\railroadide\railroad\project\onboarding\creation\step\ResolveFabricMdkVersionStep.java:41:30
1	ERROR	SEM_UNRESOLVED_CALL	Cannot resolve call 'ExtractFabricExampleModStep'	src\main\java\dev\railroadide\railroad\project\onboarding\creation\DefaultProjectCreationPipelineService.java:48:20
1	ERROR	SEM_UNRESOLVED_CALL	Cannot resolve call 'fabricApiVersion'	src\main\java\dev\railroadide\railroad\project\facet\detector\FabricFacetDetector.java:62:62
1	ERROR	SEM_DISALLOWED_EXCEPTION_IN_METHOD_SIGNATURE	Method 'deleteDirectory' declares disallowed exception 'java.lang.RuntimeException' in its signature	src\main\java\dev\railroadide\railroad\project\onboarding\creation\service\NioFilesService.java:20:49
1	ERROR	SEM_UNRESOLVED_CALL	Cannot resolve call 'SetupForgeGradleWrapperStep'	src\main\java\dev\railroadide\railroad\project\onboarding\creation\DefaultProjectCreationPipelineService.java:75:20
1	ERROR	SEM_DISALLOWED_EXCEPTION_IN_METHOD_SIGNATURE	Method 'updateSettingsGradle' declares disallowed exception 'java.lang.Exception' in its signature	src\main\java\dev\railroadide\railroad\project\onboarding\creation\step\UpdateGradleFilesStep.java:77:92
1	ERROR	SEM_DISALLOWED_EXCEPTION_IN_METHOD_SIGNATURE	Method 'updateBuildGradle' declares disallowed exception 'java.lang.Exception' in its signature	src\main\java\dev\railroadide\railroad\project\onboarding\creation\step\UpdateGradleFilesStep.java:45:89
1	ERROR	SEM_INCOMPATIBLE_ASSIGNMENT	Cannot assign 'T' to 'dev.railroadide.railroad.project.minecraft.MappingChannel'	src\main\java\dev\railroadide\railroad\project\onboarding\creation\step\UpdateGradlePropertiesStep.java:49:23
1	ERROR	SEM_DISALLOWED_EXCEPTION_IN_METHOD_SIGNATURE	Method 'updateContent' declares disallowed exception 'java.lang.Exception' in its signature	src\main\java\dev\railroadide\railroad\project\onboarding\creation\step\UpdateGradleFilesStep.java:109:157
1	ERROR	SEM_UNRESOLVED_CALL	Cannot resolve call 'valueOf'	src\main\java\dev\railroadide\railroad\project\minecraft\pistonmeta\Library.java:67:33
1	ERROR	SEM_INCOMPATIBLE_ASSIGNMENT	Cannot assign 'T' to 'dev.railroadide.railroad.project.License'	src\main\java\dev\railroadide\railroad\project\onboarding\creation\step\UpdateFabricModJsonStep.java:105:24
1	ERROR	SEM_DUPLICATE_DECLARATION	Duplicate declaration for 'element'	src\main\java\dev\railroadide\railroad\project\onboarding\creation\step\UpdateFabricModJsonStep.java:71:30
1	ERROR	SEM_UNRESOLVED_CALL	Cannot resolve call 'isArchitecturyLoom'	src\main\java\dev\railroadide\railroad\project\facet\detector\FabricFacetDetector.java:65:80
1	ERROR	SEM_UNRESOLVED_CALL	Cannot resolve call 'setEnabledPlugins'	src\main\java\dev\railroadide\railroad\settings\SettingCodecs.java:114:50
1	ERROR	SEM_ILLEGAL_FINAL_ASSIGNMENT	Final variable 'arg' cannot be assigned here	src\main\java\dev\railroadide\railroad\vcs\git\execution\GitProcessRunner.java:295:17
1	ERROR	SEM_ILLEGAL_FINAL_ASSIGNMENT	Final variable 'commit' cannot be assigned here	src\main\java\dev\railroadide\railroad\vcs\git\commit\GitCommitParser.java:35:13
1	ERROR	SEM_UNRESOLVED_CALL	Cannot resolve call 'hash'	src\main\java\dev\railroadide\railroad\vcs\git\commit\GitCommit.java:52:9
1	ERROR	SEM_UNRESOLVED_CALL	Cannot resolve call 'BranchInfo'	src\main\java\dev\railroadide\railroad\vcs\git\status\GitStatusParser.java:74:19
1	ERROR	SEM_UNRESOLVED_MEMBER	Cannot resolve member 'SSH'	src\main\java\dev\railroadide\railroad\vcs\git\identity\GitSigningStatus.java:34:29
1	ERROR	SEM_UNRESOLVED_MEMBER	Cannot resolve member 'OPENPGP'	src\main\java\dev\railroadide\railroad\vcs\git\identity\GitSigningStatus.java:32:29
1	ERROR	SEM_UNRESOLVED_CALL	Cannot resolve call 'max'	src\main\java\dev\railroadide\railroad\vcs\git\GitManager.java:322:71
1	ERROR	SEM_INCOMPATIBLE_ASSIGNMENT	Cannot assign 'java.util.Optional' to 'dev.railroadide.railroad.vcs.git.util.GitSettings'	src\main\java\dev\railroadide\railroad\vcs\git\GitManager.java:410:20
1	ERROR	SEM_INCOMPATIBLE_ASSIGNMENT	Cannot assign 'java.util.Optional' to 'java.lang.Long'	src\main\java\dev\railroadide\railroad\vcs\git\GitManager.java:399:13
1	ERROR	SEM_UNINITIALIZED_FINAL_FIELD	Final field 'executorService' might not be initialized	src\main\java\dev\railroadide\railroad\vcs\git\GitManager.java:87:5
1	ERROR	SEM_UNINITIALIZED_FINAL_FIELD	Final field 'gitClient' might not be initialized	src\main\java\dev\railroadide\railroad\vcs\git\GitManager.java:87:5
1	ERROR	SEM_UNINITIALIZED_FINAL_FIELD	Final field 'project' might not be initialized	src\main\java\dev\railroadide\railroad\vcs\git\GitManager.java:87:5
1	ERROR	SEM_UNRESOLVED_MEMBER	Cannot resolve member 'branch'	src\main\java\dev\railroadide\railroad\vcs\git\status\GitStatusParser.java:53:24
1	ERROR	SEM_DISALLOWED_EXCEPTION_IN_METHOD_SIGNATURE	Method 'parsesGenericInterfaceTypeArguments' declares disallowed exception 'java.lang.Exception' in its signature	src\test\java\dev\railroadide\railroad\ide\classparser\ClassStubParserTest.java:35:54
1	ERROR	SEM_DISALLOWED_EXCEPTION_IN_METHOD_SIGNATURE	Method 'parsesStandaloneGenericMethodParameterTypes' declares disallowed exception 'java.lang.Exception' in its signature	src\test\java\dev\railroadide\railroad\ide\classparser\ClassStubParserTest.java:20:62
1	ERROR	SEM_UNRESOLVED_CALL	Cannot resolve call 'orElseThrow'	src\test\java\dev\railroadide\railroad\ide\classparser\ClassStubParserTest.java:27:14
1	ERROR	SEM_INCOMPATIBLE_ASSIGNMENT	Cannot assign 'java.util.stream.Stream' to 'java.util.Set'	src\test\java\dev\railroadide\railroad\ide\diagnostics\inspections\CoreInspectionRulesTest.java:4643:20
1	ERROR	SEM_INCOMPATIBLE_ASSIGNMENT	Cannot assign 'java.util.List' to 'dev.railroadide.railroad.plugin.spi.inspection.JavaInspectionReporter'	src\test\java\dev\railroadide\railroad\ide\diagnostics\inspections\CoreInspectionRulesTest.java:4637:31
1	ERROR	SEM_DISALLOWED_EXCEPTION_IN_METHOD_SIGNATURE	Method 'parseRuntimeClass' declares disallowed exception 'java.lang.Exception' in its signature	src\test\java\dev\railroadide\railroad\ide\classparser\ClassStubParserTest.java:46:118
1	ERROR	SEM_INCOMPATIBLE_ASSIGNMENT	Cannot assign 'int' to 'java.lang.Long'	src\main\java\dev\railroadide\railroad\vcs\git\util\GitLocator.java:28:13
1	ERROR	SEM_UNRESOLVED_MEMBER	Cannot resolve member 'behind'	src\main\java\dev\railroadide\railroad\vcs\git\status\GitStatusParser.java:55:24
1	ERROR	SEM_UNRESOLVED_MEMBER	Cannot resolve member 'ahead'	src\main\java\dev\railroadide\railroad\vcs\git\status\GitStatusParser.java:54:24
1	ERROR	SEM_UNRESOLVED_CALL	Cannot resolve call 'ProjectSort'	src\main\java\dev\railroadide\railroad\welcome\project\ui\widget\ProjectSortComboBox.java:39:9
1	ERROR	SEM_UNRESOLVED_CALL	Cannot resolve call 'translateContent'	src\main\java\dev\railroadide\railroad\welcome\imports\WelcomeImportProjectsPane.java:130:42
1	ERROR	SEM_UNINITIALIZED_FINAL_FIELD	Final field 'color' might not be initialized	src\main\java\dev\railroadide\railroad\welcome\WelcomeLeftPane.java:76:9
1	ERROR	SEM_MISSING_IMPLEMENTATION	Type is missing implementation for 'getNameCount()'	src\main\java\dev\railroadide\railroad\utility\json\PathTypeAdapter.java:11:1
1	ERROR	SEM_MISSING_IMPLEMENTATION	Type is missing implementation for 'getFileName()'	src\main\java\dev\railroadide\railroad\utility\json\PathTypeAdapter.java:11:1
1	ERROR	SEM_MISSING_IMPLEMENTATION	Type is missing implementation for 'getRoot()'	src\main\java\dev\railroadide\railroad\utility\json\PathTypeAdapter.java:11:1
1	ERROR	SEM_MISSING_IMPLEMENTATION	Type is missing implementation for 'startsWith(java.nio.file.Path)'	src\main\java\dev\railroadide\railroad\utility\json\PathTypeAdapter.java:11:1
1	ERROR	SEM_MISSING_IMPLEMENTATION	Type is missing implementation for 'subpath(int,int)'	src\main\java\dev\railroadide\railroad\utility\json\PathTypeAdapter.java:11:1
1	ERROR	SEM_MISSING_IMPLEMENTATION	Type is missing implementation for 'getName(int)'	src\main\java\dev\railroadide\railroad\utility\json\PathTypeAdapter.java:11:1
1	ERROR	SEM_DISALLOWED_EXCEPTION_IN_METHOD_SIGNATURE	Method 'get' declares disallowed exception 'java.lang.Exception' in its signature	src\main\java\dev\railroadide\railroad\utility\function\ThrowingSupplier.java:10:19
1	ERROR	SEM_DISALLOWED_EXCEPTION_IN_METHOD_SIGNATURE	Method 'onRun' declares disallowed exception 'java.lang.Exception' in its signature	src\main\java\dev\railroadide\railroad\utility\function\ExceptionlessRunnable.java:13:24
1	ERROR	SEM_UNRESOLVED_CALL	Cannot resolve call 'URI'	src\main\java\dev\railroadide\railroad\utility\compiler\JavaSourceFromString.java:18:9
1	ERROR	SEM_MISSING_IMPLEMENTATION	Type is missing implementation for 'isAbsolute()'	src\main\java\dev\railroadide\railroad\utility\json\PathTypeAdapter.java:11:1
1	ERROR	SEM_MISSING_IMPLEMENTATION	Type is missing implementation for 'getFileSystem()'	src\main\java\dev\railroadide\railroad\utility\json\PathTypeAdapter.java:11:1
1	ERROR	SEM_INVALID_OVERRIDE	Invalid override for 'toLocalDate'	src\main\java\dev\railroadide\railroad\utility\json\LocalDateTimeTypeAdapter.java:12:1
1	ERROR	SEM_MISSING_IMPLEMENTATION	Type is missing implementation for 'endsWith(java.nio.file.Path)'	src\main\java\dev\railroadide\railroad\utility\json\PathTypeAdapter.java:11:1
1	ERROR	SEM_UNRESOLVED_MEMBER	Cannot resolve member 'URL_CONNECTION'	src\main\java\dev\railroadide\railroad\utility\network\check\HTTPCheck.java:17:29
1	ERROR	SEM_UNRESOLVED_CALL	Cannot resolve call 'HttpClientMode'	src\main\java\dev\railroadide\railroad\utility\network\check\HTTPCheck.java:17:9
1	ERROR	SEM_MISSING_IMPLEMENTATION	Type is missing implementation for 'compareTo(java.nio.file.Path)'	src\main\java\dev\railroadide\railroad\utility\json\PathTypeAdapter.java:11:1
1	ERROR	SEM_INCOMPATIBLE_ASSIGNMENT	Cannot assign 'dev.railroadide.railroad.vcs.git.GitCommand.Builder' to 'dev.railroadide.railroad.vcs.git.GitCommand$Builder'	src\main\java\dev\railroadide\railroad\vcs\git\GitCommands.java:903:27
1	ERROR	SEM_UNRESOLVED_CALL	Cannot resolve call 'GitStashEntry'	src\main\java\dev\railroadide\railroad\vcs\git\GitClient.java:1022:28
1	ERROR	SEM_MISSING_IMPLEMENTATION	Type is missing implementation for 'getProfiles()'	src\main\java\dev\railroadide\railroad\vcs\RepositoryManager.java:17:1
1	ERROR	SEM_MISSING_IMPLEMENTATION	Type is missing implementation for 'relativize(java.nio.file.Path)'	src\main\java\dev\railroadide\railroad\utility\json\PathTypeAdapter.java:11:1
1	ERROR	SEM_MISSING_IMPLEMENTATION	Type is missing implementation for 'resolve(java.nio.file.Path)'	src\main\java\dev\railroadide\railroad\utility\json\PathTypeAdapter.java:11:1
1	ERROR	SEM_MISSING_IMPLEMENTATION	Type is missing implementation for 'normalize()'	src\main\java\dev\railroadide\railroad\utility\json\PathTypeAdapter.java:11:1
1	ERROR	SEM_MISSING_IMPLEMENTATION	Type is missing implementation for 'register(java.nio.file.WatchService,java.nio.file.WatchEvent$Kind[],java.nio.file.WatchEvent$Modifier[])'	src\main\java\dev\railroadide\railroad\utility\json\PathTypeAdapter.java:11:1
1	ERROR	SEM_MISSING_IMPLEMENTATION	Type is missing implementation for 'toRealPath(java.nio.file.LinkOption[])'	src\main\java\dev\railroadide\railroad\utility\json\PathTypeAdapter.java:11:1
1	ERROR	SEM_MISSING_IMPLEMENTATION	Type is missing implementation for 'toAbsolutePath()'	src\main\java\dev\railroadide\railroad\utility\json\PathTypeAdapter.java:11:1
1	ERROR	SEM_DISALLOWED_EXCEPTION_IN_METHOD_SIGNATURE	Method 'ignoresStaleManifestEntries' declares disallowed exception 'java.lang.Exception' in its signature	src\test\java\dev\railroadide\railroad\ide\sst\project\JavaProjectSemanticPersistenceTest.java:42:46
1	ERROR	SEM_DISALLOWED_EXCEPTION_IN_METHOD_SIGNATURE	Method 'savesAndLoadsProjectSemanticIndex' declares disallowed exception 'java.lang.Exception' in its signature	src\test\java\dev\railroadide\railroad\ide\sst\project\JavaProjectSemanticPersistenceTest.java:17:52
1	ERROR	SEM_UNRESOLVED_CALL	Cannot resolve call 'removeFile'	src\test\java\dev\railroadide\railroad\ide\sst\project\JavaProjectSemanticIndexTest.java:132:18
1	ERROR	SEM_DISALLOWED_EXCEPTION_IN_METHOD_SIGNATURE	Method 'rebuildRefreshesProjectIndex' declares disallowed exception 'java.lang.Exception' in its signature	src\test\java\dev\railroadide\railroad\ide\sst\project\ProjectLanguageIndexServiceTest.java:57:47
1	ERROR	SEM_DISALLOWED_EXCEPTION_IN_METHOD_SIGNATURE	Method 'cachesIndexesPerProjectRoot' declares disallowed exception 'java.lang.Exception' in its signature	src\test\java\dev\railroadide\railroad\ide\sst\project\ProjectLanguageIndexServiceTest.java:38:46
1	ERROR	SEM_INCOMPATIBLE_ASSIGNMENT	Cannot assign 'NullableF' to 'dev.railroadide.railroad.ide.sst.project.JavaProjectSemanticIndex$SourceFileIndex'	src\test\java\dev\railroadide\railroad\ide\sst\project\ProjectLanguageIndexServiceTest.java:265:53
1	ERROR	SEM_DISALLOWED_EXCEPTION_IN_METHOD_SIGNATURE	Method 'resolvesProjectIndexedSemanticApiCallChains' declares disallowed exception 'java.lang.Exception' in its signature	src\test\java\dev\railroadide\railroad\ide\sst\impl\java\JavaSemanticAnalyzerTest.java:1302:62
1	ERROR	SEM_DISALLOWED_EXCEPTION_IN_METHOD_SIGNATURE	Method 'resolvesProjectIndexedGitCommandBuilderChain' declares disallowed exception 'java.lang.Exception' in its signature	src\test\java\dev\railroadide\railroad\ide\sst\impl\java\JavaSemanticAnalyzerTest.java:1282:63
1	ERROR	SEM_DISALLOWED_EXCEPTION_IN_METHOD_SIGNATURE	Method 'resolvesProjectInterfaceMethodWithProjectParameterThroughStaticFieldType' declares disallowed exception 'java.lang.Exception' in its signature	src\test\java\dev\railroadide\railroad\ide\sst\impl\java\JavaSemanticAnalyzerTest.java:1161:91
1	ERROR	SEM_UNRESOLVED_CALL	Cannot resolve call 'putFile'	src\test\java\dev\railroadide\railroad\ide\sst\project\JavaProjectSemanticIndexTest.java:94:18
1	ERROR	SEM_DISALLOWED_EXCEPTION_IN_METHOD_SIGNATURE	Method 'buildsProjectIndexAcrossMultipleFiles' declares disallowed exception 'java.lang.Exception' in its signature	src\test\java\dev\railroadide\railroad\ide\sst\project\JavaJavaProjectSemanticIndexerTest.java:18:56
1	ERROR	SEM_DISALLOWED_EXCEPTION_IN_METHOD_SIGNATURE	Method 'resolvesRailroadStyleInitializationMethodReferences' declares disallowed exception 'java.lang.Exception' in its signature	src\test\java\dev\railroadide\railroad\ide\sst\impl\java\JavaSemanticAnalyzerTest.java:1323:70
1	ERROR	SEM_DISALLOWED_EXCEPTION_IN_METHOD_SIGNATURE	Method 'updateFileReplacesOneIndexedFile' declares disallowed exception 'java.lang.Exception' in its signature	src\test\java\dev\railroadide\railroad\ide\sst\project\ProjectLanguageIndexServiceTest.java:85:51
1	ERROR	SEM_UNRESOLVED_CALL	Cannot resolve call 'intValue'	src\test\resources\dev\railroadide\railroad\ide\sst\impl\java\corpus\valid\04_members_and_initializers.java:23:23
1	ERROR	SEM_INCOMPATIBLE_ASSIGNMENT	Cannot assign 'T' to 'java.lang.IllegalArgumentException'	src\test\java\dev\railroadide\railroad\plugin\PluginManagerTest.java:59:33
1	ERROR	SEM_INCOMPATIBLE_ASSIGNMENT	Cannot assign 'java.util.Optional' to 'dev.railroadide.railroad.plugin.spi.inspection.JavaInspectionRuleProvider'	src\test\java\dev\railroadide\railroad\plugin\PluginManagerTest.java:22:35
1	ERROR	SEM_INCOMPATIBLE_ASSIGNMENT	Cannot assign 'boolean' to 'int'	src\test\resources\dev\railroadide\railroad\ide\sst\impl\java\corpus\valid\07_expressions_all_forms.java:17:12
1	ERROR	SEM_INCOMPATIBLE_ASSIGNMENT	Cannot assign 'Math' to 'java.util.function.IntUnaryOperator'	src\test\resources\dev\railroadide\railroad\ide\sst\impl\java\corpus\valid\07_expressions_all_forms.java:14:44
1	ERROR	SEM_UNRESOLVED_TYPE	Cannot resolve type 'RuntimeExceptionError'	src\test\resources\dev\railroadide\railroad\ide\sst\impl\java\corpus\valid\05_types_generics_annotations.java:27:18
1	ERROR	SEM_DISALLOWED_EXCEPTION_IN_METHOD_SIGNATURE	Method 'loadsPersistedIndexAfterCacheMiss' declares disallowed exception 'java.lang.Exception' in its signature	src\test\java\dev\railroadide\railroad\ide\sst\project\ProjectLanguageIndexServiceTest.java:165:52
1	ERROR	SEM_DISALLOWED_EXCEPTION_IN_METHOD_SIGNATURE	Method 'invalidateRemovesInMemoryCacheOnly' declares disallowed exception 'java.lang.Exception' in its signature	src\test\java\dev\railroadide\railroad\ide\sst\project\ProjectLanguageIndexServiceTest.java:142:53
1	ERROR	SEM_DISALLOWED_EXCEPTION_IN_METHOD_SIGNATURE	Method 'removeFileDropsIndexedFacts' declares disallowed exception 'java.lang.Exception' in its signature	src\test\java\dev\railroadide\railroad\ide\sst\project\ProjectLanguageIndexServiceTest.java:114:46
1	ERROR	SEM_INACCESSIBLE_CALL	Call 'AssertionError' is not accessible from here	src\test\java\dev\railroadide\railroad\plugin\PluginManagerTest.java:27:39
1	ERROR	SEM_DISALLOWED_EXCEPTION_IN_METHOD_SIGNATURE	Method 'writeProjectSource' declares disallowed exception 'java.lang.Exception' in its signature	src\test\java\dev\railroadide\railroad\ide\sst\project\ProjectLanguageIndexServiceTest.java:223:97
1	ERROR	SEM_DISALLOWED_EXCEPTION_IN_METHOD_SIGNATURE	Method 'reloadsFromSourceWhenPersistedIndexIsStale' declares disallowed exception 'java.lang.Exception' in its signature	src\test\java\dev\railroadide\railroad\ide\sst\project\ProjectLanguageIndexServiceTest.java:186:61
1	ERROR	SEM_DISALLOWED_EXCEPTION_IN_METHOD_SIGNATURE	Method 'realDialogBuilderCastsConditionalsAndStreamChainResolve' declares disallowed exception 'java.lang.Exception' in its signature	src\test\java\dev\railroadide\railroad\ide\diagnostics\inspections\CoreInspectionRulesTest.java:4366:74
1	ERROR	SEM_DISALLOWED_EXCEPTION_IN_METHOD_SIGNATURE	Method 'realWindowBuilderFluentGenericsAndLambdaParametersResolve' declares disallowed exception 'java.lang.Exception' in its signature	src\test\java\dev\railroadide\railroad\ide\diagnostics\inspections\CoreInspectionRulesTest.java:4338:76
1	ERROR	SEM_DISALLOWED_EXCEPTION_IN_METHOD_SIGNATURE	Method 'realWindowEventsPublishCallsAndLambdaParametersResolve' declares disallowed exception 'java.lang.Exception' in its signature	src\test\java\dev\railroadide\railroad\ide\diagnostics\inspections\CoreInspectionRulesTest.java:4314:73
1	ERROR	SEM_UNRESOLVED_CALL	Cannot resolve call 'getFullName'	src\test\java\dev\railroadide\railroad\ide\indexing\IndexesTest.java:11:60
1	ERROR	SEM_DISALLOWED_EXCEPTION_IN_METHOD_SIGNATURE	Method 'dumpProjectWideDiagnosticsForCurrentRailroadSources' declares disallowed exception 'java.lang.Exception' in its signature	src\test\java\dev\railroadide\railroad\ide\diagnostics\inspections\CoreInspectionRulesTest.java:4492:70
1	ERROR	SEM_DISALLOWED_EXCEPTION_IN_METHOD_SIGNATURE	Method 'realAlertBuilderVarAndJavaFxLambdaReceiversResolve' declares disallowed exception 'java.lang.Exception' in its signature	src\test\java\dev\railroadide\railroad\ide\diagnostics\inspections\CoreInspectionRulesTest.java:4438:69
1	ERROR	SEM_DISALLOWED_EXCEPTION_IN_METHOD_SIGNATURE	Method 'realRailroadPreloaderVarDeclarationsDoNotReportVoidAssignmentDiagnostics' declares disallowed exception 'java.lang.Exception' in its signature	src\test\java\dev\railroadide\railroad\ide\diagnostics\inspections\CoreInspectionRulesTest.java:4194:91
1	ERROR	SEM_DISALLOWED_EXCEPTION_IN_METHOD_SIGNATURE	Method 'projectEventBusPublishCallsResolveAcrossRealSources' declares disallowed exception 'java.lang.Exception' in its signature	src\test\java\dev\railroadide\railroad\ide\diagnostics\inspections\CoreInspectionRulesTest.java:4164:70
1	ERROR	SEM_DISALLOWED_EXCEPTION_IN_METHOD_SIGNATURE	Method 'realRailroadStartupCodeDoesNotReportKnownFalseCallAndExceptionDiagnostics' declares disallowed exception 'java.lang.Exception' in its signature	src\test\java\dev\railroadide\railroad\ide\diagnostics\inspections\CoreInspectionRulesTest.java:4139:92
1	ERROR	SEM_DISALLOWED_EXCEPTION_IN_METHOD_SIGNATURE	Method 'realWindowManagerFullyQualifiedAccessAndOverloadedConstructorsResolve' declares disallowed exception 'java.lang.Exception' in its signature	src\test\java\dev\railroadide\railroad\ide\diagnostics\inspections\CoreInspectionRulesTest.java:4285:88
1	ERROR	SEM_DISALLOWED_EXCEPTION_IN_METHOD_SIGNATURE	Method 'realDefaultGradleEnvironmentRecordAndObjectMembersDoNotReportKnownFalseDiagnostics' declares disallowed exception 'java.lang.Exception' in its signature	src\test\java\dev\railroadide\railroad\ide\diagnostics\inspections\CoreInspectionRulesTest.java:4234:101
1	ERROR	SEM_DISALLOWED_EXCEPTION_IN_METHOD_SIGNATURE	Method 'realServicesAnonymousInterfacesAndGenericServiceLookupDoNotReportKnownFalseDiagnostics' declares disallowed exception 'java.lang.Exception' in its signature	src\test\java\dev\railroadide\railroad\ide\diagnostics\inspections\CoreInspectionRulesTest.java:4211:105
1	ERROR	SEM_DISALLOWED_EXCEPTION_IN_METHOD_SIGNATURE	Method 'warmIndexesBuildsRegisteredLanguageIndexes' declares disallowed exception 'java.lang.Exception' in its signature	src\test\java\dev\railroadide\railroad\ide\language\index\ProjectLanguageIndexCoordinatorTest.java:37:61
1	ERROR	SEM_DISALLOWED_EXCEPTION_IN_METHOD_SIGNATURE	Method 'resolvesBinaryConstructorsAndFluentCalls' declares disallowed exception 'java.lang.Exception' in its signature	src\test\java\dev\railroadide\railroad\ide\sst\impl\java\JavaSemanticAnalyzerTest.java:804:59
1	ERROR	SEM_DISALLOWED_EXCEPTION_IN_METHOD_SIGNATURE	Method 'classRoot' declares disallowed exception 'java.lang.Exception' in its signature	src\test\java\dev\railroadide\railroad\ide\sst\impl\java\JavaSemanticAnalyzerTest.java:173:56
1	ERROR	SEM_DISALLOWED_EXCEPTION_IN_METHOD_SIGNATURE	Method 'resolvesRealWelcomeProjectsPaneCastLambdaAndThreadConstructors' declares disallowed exception 'java.lang.Exception' in its signature	src\test\java\dev\railroadide\railroad\ide\sst\impl\java\JavaSemanticAnalyzerTest.java:144:81
1	ERROR	SEM_DISALLOWED_EXCEPTION_IN_METHOD_SIGNATURE	Method 'resolvesProjectInterfaceMethodsThroughStaticFieldType' declares disallowed exception 'java.lang.Exception' in its signature	src\test\java\dev\railroadide\railroad\ide\sst\impl\java\JavaSemanticAnalyzerTest.java:1094:72
1	ERROR	SEM_DISALLOWED_EXCEPTION_IN_METHOD_SIGNATURE	Method 'resolvesProjectRecordConstructorsAndAccessors' declares disallowed exception 'java.lang.Exception' in its signature	src\test\java\dev\railroadide\railroad\ide\sst\impl\java\JavaSemanticAnalyzerTest.java:1016:64
1	ERROR	SEM_DISALLOWED_EXCEPTION_IN_METHOD_SIGNATURE	Method 'resolvesRailroadStyleInitializationCalls' declares disallowed exception 'java.lang.Exception' in its signature	src\test\java\dev\railroadide\railroad\ide\sst\impl\java\JavaSemanticAnalyzerTest.java:937:59
1	ERROR	SEM_INCOMPATIBLE_ASSIGNMENT	Cannot assign 'void' to 'dev.railroadide.railroad.ide.sst.impl.java.JavaParserParitySupport$ParityResult'	src\test\java\dev\railroadide\railroad\ide\sst\impl\java\JavaProjectParityTest.java:29:49
1	ERROR	SEM_MISSING_RETURN	Missing return: method 'lexAll' must return 'List' on all paths	src\test\java\dev\railroadide\railroad\ide\sst\impl\java\JavaParserTestSupport.java:22:5
1	ERROR	SEM_DISALLOWED_EXCEPTION_IN_METHOD_SIGNATURE	Method 'handleFileChangeUpdatesAndRemovesIndexedFiles' declares disallowed exception 'java.lang.Exception' in its signature	src\test\java\dev\railroadide\railroad\ide\language\index\ProjectLanguageIndexCoordinatorTest.java:60:64
1	ERROR	SEM_DISALLOWED_EXCEPTION_IN_METHOD_SIGNATURE	Method 'resolvesRealAlertBuilderVarAndJavaFxLambdaReceivers' declares disallowed exception 'java.lang.Exception' in its signature	src\test\java\dev\railroadide\railroad\ide\sst\impl\java\JavaSemanticAnalyzerTest.java:93:70
1	ERROR	SEM_UNRESOLVED_CALL	Cannot resolve call 'simpleName'	src\test\java\dev\railroadide\railroad\ide\sst\impl\java\JavaSemanticAnalyzerTest.java:248:96
1	ERROR	SEM_UNRESOLVED_CALL	Cannot resolve call 'assertDoesNotThrow'	src\test\java\dev\railroadide\railroad\ide\sst\impl\java\JavaSemanticAnalyzerTest.java:85:13
1	ERROR	SEM_UNRESOLVED_CALL	Cannot resolve call 'next'	src\main\java\dev\railroadide\railroad\ui\RRCheckBoxTreeItem.java:25:23
1	ERROR	SEM_UNRESOLVED_CALL	Cannot resolve call 'cornerRadius'	src\main\java\dev\railroadide\railroad\ui\RRCard.java:21:9
1	ERROR	SEM_UNINITIALIZED_FINAL_FIELD	Final field 'selectedThemeProperty' might not be initialized	src\main\java\dev\railroadide\railroad\theme\ui\ThemeSelector.java:33:5
1	ERROR	SEM_UNRESOLVED_CALL	Cannot resolve call 'wasAdded'	src\main\java\dev\railroadide\railroad\ui\RRCheckBoxTreeItem.java:31:24
1	ERROR	SEM_UNRESOLVED_CALL	Cannot resolve call 'getRemoved'	src\main\java\dev\railroadide\railroad\ui\RRCheckBoxTreeItem.java:27:51
1	ERROR	SEM_UNRESOLVED_CALL	Cannot resolve call 'wasRemoved'	src\main\java\dev\railroadide\railroad\ui\RRCheckBoxTreeItem.java:26:24
1	ERROR	SEM_UNINITIALIZED_FINAL_FIELD	Final field 'connection' might not be initialized	src\main\java\dev\railroadide\railroad\switchboard\cache\impl\SqlCacheManager.java:35:5
1	ERROR	SEM_UNRESOLVED_CALL	Cannot resolve call 'dbFile'	src\main\java\dev\railroadide\railroad\switchboard\cache\impl\SqlCacheManager.java:36:9
1	ERROR	SEM_UNRESOLVED_CALL	Cannot resolve call 'isPresent'	src\main\java\dev\railroadide\railroad\switchboard\cache\impl\MigratingCacheManager.java:35:21
1	ERROR	SEM_UNRESOLVED_CALL	Cannot resolve call 'SettingsHandler'	src\main\java\dev\railroadide\railroad\theme\ui\ThemeSelector.java:34:9
1	ERROR	SEM_ILLEGAL_FINAL_ASSIGNMENT	Final variable 'theme' cannot be assigned here	src\main\java\dev\railroadide\railroad\theme\ThemeManager.java:86:27
1	ERROR	SEM_INCOMPATIBLE_ASSIGNMENT	Cannot assign 'T' to 'com.google.gson.JsonArray'	src\main\java\dev\railroadide\railroad\theme\ThemeDownloadManager.java:139:13
1	ERROR	SEM_UNRESOLVED_CALL	Cannot resolve call 'getAddedSubList'	src\main\java\dev\railroadide\railroad\ui\RRCheckBoxTreeItem.java:32:49
1	ERROR	SEM_INVALID_OVERRIDE	Invalid override for 'get'	src\main\java\dev\railroadide\railroad\ui\localized\LocalizedTextProperty.java:17:1
1	ERROR	SEM_MISSING_IMPLEMENTATION	Type is missing implementation for 'set(T)'	src\main\java\dev\railroadide\railroad\ui\localized\LocalizedTextProperty.java:17:1
1	ERROR	SEM_MISSING_IMPLEMENTATION	Type is missing implementation for 'setValue(T)'	src\main\java\dev\railroadide\railroad\ui\localized\LocalizedTextProperty.java:17:1
1	ERROR	SEM_MISSING_IMPLEMENTATION	Type is missing implementation for 'path()'	src\main\java\dev\railroadide\railroad\ui\nodes\ProjectListCell.java:37:1
1	ERROR	SEM_MISSING_IMPLEMENTATION	Type is missing implementation for 'getAlias()'	src\main\java\dev\railroadide\railroad\ui\nodes\ProjectListCell.java:37:1
1	ERROR	SEM_INVALID_OVERRIDE	Invalid override for 'getValue'	src\main\java\dev\railroadide\railroad\ui\localized\LocalizedTextProperty.java:17:1
1	ERROR	SEM_UNRESOLVED_MEMBER	Cannot resolve member 'NORMAL'	src\main\java\dev\railroadide\railroad\ui\RRNavigationItem.java:21:61
1	ERROR	SEM_UNRESOLVED_CALL	Cannot resolve call 'text'	src\main\java\dev\railroadide\railroad\ui\RRNavigationItem.java:46:9
1	ERROR	SEM_UNRESOLVED_CALL	Cannot resolve call 'headerText'	src\main\java\dev\railroadide\railroad\ui\RRFormSection.java:24:9
1	ERROR	SEM_UNRESOLVED_CALL	Cannot resolve call 'getProperties'	src\main\java\dev\railroadide\railroad\ui\layout\LayoutParser.java:80:77
1	ERROR	SEM_UNRESOLVED_CALL	Cannot resolve call 'cause'	src\main\java\dev\railroadide\railroad\ui\layout\LayoutParseException.java:15:9
1	ERROR	SEM_UNRESOLVED_CALL	Cannot resolve call 'String'	src\main\java\dev\railroadide\railroad\ui\RRTextArea.java:18:9
1	ERROR	SEM_UNRESOLVED_CALL	Cannot resolve call 'entrySet'	src\main\java\dev\railroadide\railroad\settings\Settings.java:115:72
1	ERROR	SEM_UNRESOLVED_CALL	Cannot resolve call 'codec'	src\main\java\dev\railroadide\railroad\settings\Settings.java:97:10
1	ERROR	SEM_UNRESOLVED_CALL	Cannot resolve call 'treePath'	src\main\java\dev\railroadide\railroad\settings\Settings.java:98:10
1	ERROR	SEM_UNRESOLVED_CALL	Cannot resolve call 'keySet'	src\main\java\dev\railroadide\railroad\settings\SettingsSearchHandler.java:45:68
1	ERROR	SEM_INCOMPATIBLE_ASSIGNMENT	Cannot assign 'dev.railroadide.railroad.utility.FuzzySearch' to 'java.lang.String'	src\main\java\dev\railroadide\railroad\settings\SettingsSearchHandler.java:73:15
1	ERROR	SEM_UNRESOLVED_CALL	Cannot resolve call 'persisted'	src\main\java\dev\railroadide\railroad\settings\Settings.java:161:14
1	ERROR	SEM_UNRESOLVED_CALL	Cannot resolve call 'setFiles'	src\main\java\dev\railroadide\railroad\settings\SettingCodecs.java:142:48
1	ERROR	SEM_UNRESOLVED_CALL	Cannot resolve call 'setDirectories'	src\main\java\dev\railroadide\railroad\settings\SettingCodecs.java:133:54
1	ERROR	SEM_UNRESOLVED_CALL	Cannot resolve call 'loadKeybinds'	src\main\java\dev\railroadide\railroad\settings\SettingCodecs.java:124:70
1	ERROR	SEM_UNRESOLVED_CALL	Cannot resolve call 'setSettingsPath'	src\main\java\dev\railroadide\railroad\settings\SettingCodecs.java:169:47
1	ERROR	SEM_UNRESOLVED_CALL	Cannot resolve call 'setState'	src\main\java\dev\railroadide\railroad\settings\SettingCodecs.java:160:48
1	ERROR	SEM_UNRESOLVED_CALL	Cannot resolve call 'setGitExecutablePath'	src\main\java\dev\railroadide\railroad\settings\SettingCodecs.java:151:47
1	ERROR	SEM_INCOMPATIBLE_ASSIGNMENT	Cannot assign 'dev.railroadide.railroad.settings.Setting' to 'T'	src\main\java\dev\railroadide\railroad\settings\handler\SettingsHandler.java:138:10
1	ERROR	SEM_INCOMPATIBLE_ASSIGNMENT	Cannot assign 'dev.railroadide.railroad.java.JDK.Brand' to 'dev.railroadide.railroad.java.JDK$Brand'	src\main\java\dev\railroadide\railroad\settings\ui\DetectedJdkListPane.java:107:22
1	ERROR	SEM_DUPLICATE_DECLARATION	Duplicate declaration for 'keyCombo'	src\main\java\dev\railroadide\railroad\settings\keybinds\KeybindsList.java:396:18
1	ERROR	SEM_UNRESOLVED_CALL	Cannot resolve call 'addDefaultKey'	src\main\java\dev\railroadide\railroad\settings\keybinds\Keybinds.java:36:10
1	ERROR	SEM_INCOMPATIBLE_ASSIGNMENT	Cannot assign 'T' to 'okhttp3.ResponseBody'	src\main\java\dev\railroadide\railroad\switchboard\SwitchboardClient.java:278:29
1	ERROR	SEM_UNRESOLVED_CALL	Cannot resolve call 'initialFiles'	src\main\java\dev\railroadide\railroad\settings\ui\FileListPane.java:17:9
1	ERROR	SEM_UNRESOLVED_CALL	Cannot resolve call 'initialDirectories'	src\main\java\dev\railroadide\railroad\settings\ui\DirectoryListPane.java:17:9
1	ERROR	SEM_INCOMPATIBLE_ASSIGNMENT	Cannot assign 'T[]' to 'javafx.scene.input.KeyCombination$Modifier[]'	src\main\java\dev\railroadide\railroad\settings\keybinds\KeyComboNode.java:80:9
1	ERROR	SEM_INCOMPATIBLE_ASSIGNMENT	Cannot assign 'int' to 'javafx.scene.input.KeyCombination$Modifier[]'	src\main\java\dev\railroadide\railroad\settings\keybinds\KeyComboNode.java:27:38
1	ERROR	SEM_UNRESOLVED_CALL	Cannot resolve call 'getClass'	src\main\java\dev\railroadide\railroad\settings\handler\SettingsHandler.java:153:111
1	ERROR	SEM_UNRESOLVED_CALL	Cannot resolve call 'addAction'	src\main\java\dev\railroadide\railroad\settings\keybinds\Keybinds.java:37:10
1	ERROR	SEM_UNRESOLVED_CALL	Cannot resolve call 'getActions'	src\main\java\dev\railroadide\railroad\settings\keybinds\KeybindHandler.java:27:33
1	ERROR	SEM_UNRESOLVED_CALL	Cannot resolve call 'matches'	src\main\java\dev\railroadide\railroad\settings\keybinds\KeybindHandler.java:26:33
1	ERROR	SEM_UNRESOLVED_TYPE	Cannot resolve type 'TYPE_3CLR'	src\main\java\dev\railroadide\railroad\utility\ImageUtils.java:71:22
1	ERROR	SEM_UNRESOLVED_TYPE	Cannot resolve type 'TYPE_2CLR'	src\main\java\dev\railroadide\railroad\utility\ImageUtils.java:70:22
1	ERROR	SEM_UNRESOLVED_TYPE	Cannot resolve type 'TYPE_CMY'	src\main\java\dev\railroadide\railroad\utility\ImageUtils.java:69:22
1	ERROR	SEM_UNRESOLVED_TYPE	Cannot resolve type 'TYPE_6CLR'	src\main\java\dev\railroadide\railroad\utility\ImageUtils.java:74:22
1	ERROR	SEM_UNRESOLVED_TYPE	Cannot resolve type 'TYPE_5CLR'	src\main\java\dev\railroadide\railroad\utility\ImageUtils.java:73:22
1	ERROR	SEM_UNRESOLVED_TYPE	Cannot resolve type 'TYPE_4CLR'	src\main\java\dev\railroadide\railroad\utility\ImageUtils.java:72:22
1	ERROR	SEM_UNRESOLVED_TYPE	Cannot resolve type 'CS_GRAY'	src\main\java\dev\railroadide\railroad\utility\ImageUtils.java:65:44
1	ERROR	SEM_UNRESOLVED_TYPE	Cannot resolve type 'TYPE_GRAY'	src\main\java\dev\railroadide\railroad\utility\ImageUtils.java:65:22
1	ERROR	SEM_UNRESOLVED_TYPE	Cannot resolve type 'TYPE_RGB'	src\main\java\dev\railroadide\railroad\utility\ImageUtils.java:64:22
1	ERROR	SEM_UNRESOLVED_TYPE	Cannot resolve type 'TYPE_CMYK'	src\main\java\dev\railroadide\railroad\utility\ImageUtils.java:68:22
1	ERROR	SEM_UNRESOLVED_TYPE	Cannot resolve type 'TYPE_HLS'	src\main\java\dev\railroadide\railroad\utility\ImageUtils.java:67:22
1	ERROR	SEM_UNRESOLVED_TYPE	Cannot resolve type 'TYPE_HSV'	src\main\java\dev\railroadide\railroad\utility\ImageUtils.java:66:22
1	ERROR	SEM_UNRESOLVED_TYPE	Cannot resolve type 'TYPE_7CLR'	src\main\java\dev\railroadide\railroad\utility\ImageUtils.java:75:22
1	ERROR	SEM_UNRESOLVED_TYPE	Cannot resolve type 'CS_sRGB'	src\main\java\dev\railroadide\railroad\utility\ImageUtils.java:84:22
1	ERROR	SEM_UNRESOLVED_TYPE	Cannot resolve type 'TYPE_FCLR'	src\main\java\dev\railroadide\railroad\utility\ImageUtils.java:83:22
1	ERROR	SEM_UNRESOLVED_TYPE	Cannot resolve type 'TYPE_ECLR'	src\main\java\dev\railroadide\railroad\utility\ImageUtils.java:82:22
1	ERROR	SEM_UNRESOLVED_TYPE	Cannot resolve type 'CS_PYCC'	src\main\java\dev\railroadide\railroad\utility\ImageUtils.java:87:22
1	ERROR	SEM_UNRESOLVED_TYPE	Cannot resolve type 'CS_CIEXYZ'	src\main\java\dev\railroadide\railroad\utility\ImageUtils.java:86:22
1	ERROR	SEM_UNRESOLVED_TYPE	Cannot resolve type 'CS_LINEAR_RGB'	src\main\java\dev\railroadide\railroad\utility\ImageUtils.java:85:22
1	ERROR	SEM_UNRESOLVED_TYPE	Cannot resolve type 'TYPE_ACLR'	src\main\java\dev\railroadide\railroad\utility\ImageUtils.java:78:22
1	ERROR	SEM_UNRESOLVED_TYPE	Cannot resolve type 'TYPE_9CLR'	src\main\java\dev\railroadide\railroad\utility\ImageUtils.java:77:22
1	ERROR	SEM_UNRESOLVED_TYPE	Cannot resolve type 'TYPE_8CLR'	src\main\java\dev\railroadide\railroad\utility\ImageUtils.java:76:22
1	ERROR	SEM_UNRESOLVED_TYPE	Cannot resolve type 'TYPE_DCLR'	src\main\java\dev\railroadide\railroad\utility\ImageUtils.java:81:22
1	ERROR	SEM_UNRESOLVED_TYPE	Cannot resolve type 'TYPE_CCLR'	src\main\java\dev\railroadide\railroad\utility\ImageUtils.java:80:22
1	ERROR	SEM_UNRESOLVED_TYPE	Cannot resolve type 'TYPE_BCLR'	src\main\java\dev\railroadide\railroad\utility\ImageUtils.java:79:22
1	ERROR	SEM_MISSING_IMPLEMENTATION	Type is missing implementation for 'setDescription(java.lang.String)'	src\main\java\dev\railroadide\railroad\ui\nodes\ProjectListCell.java:37:1
1	ERROR	SEM_MISSING_IMPLEMENTATION	Type is missing implementation for 'build(dev.railroadide.railroad.java.JDK)'	src\main\java\dev\railroadide\railroad\ui\nodes\ProjectListCell.java:37:1
1	ERROR	SEM_MISSING_IMPLEMENTATION	Type is missing implementation for 'getFacets()'	src\main\java\dev\railroadide\railroad\ui\nodes\ProjectListCell.java:37:1
1	ERROR	SEM_MISSING_IMPLEMENTATION	Type is missing implementation for 'toJson()'	src\main\java\dev\railroadide\railroad\ui\nodes\ProjectListCell.java:37:1
1	ERROR	SEM_MISSING_IMPLEMENTATION	Type is missing implementation for 'setIcon(javafx.scene.image.Image)'	src\main\java\dev\railroadide\railroad\ui\nodes\ProjectListCell.java:37:1
1	ERROR	SEM_MISSING_IMPLEMENTATION	Type is missing implementation for 'setLicense(dev.railroadide.railroad.project.License)'	src\main\java\dev\railroadide\railroad\ui\nodes\ProjectListCell.java:37:1
1	ERROR	SEM_MISSING_IMPLEMENTATION	Type is missing implementation for 'getFacet(dev.railroadide.railroad.project.facet.FacetType)'	src\main\java\dev\railroadide\railroad\ui\nodes\ProjectListCell.java:37:1
1	ERROR	SEM_MISSING_IMPLEMENTATION	Type is missing implementation for 'hasFacet(dev.railroadide.railroad.project.facet.FacetType)'	src\main\java\dev\railroadide\railroad\ui\nodes\ProjectListCell.java:37:1
1	ERROR	SEM_MISSING_IMPLEMENTATION	Type is missing implementation for 'setAlias(java.lang.String)'	src\main\java\dev\railroadide\railroad\ui\nodes\ProjectListCell.java:37:1
1	ERROR	SEM_MISSING_IMPLEMENTATION	Type is missing implementation for 'setLastOpened(long)'	src\main\java\dev\railroadide\railroad\ui\nodes\ProjectListCell.java:37:1
1	ERROR	SEM_MISSING_IMPLEMENTATION	Type is missing implementation for 'getLastOpened()'	src\main\java\dev\railroadide\railroad\ui\nodes\ProjectListCell.java:37:1
1	ERROR	SEM_MISSING_IMPLEMENTATION	Type is missing implementation for 'open()'	src\main\java\dev\railroadide\railroad\ui\nodes\ProjectListCell.java:37:1
1	ERROR	SEM_INCOMPATIBLE_ASSIGNMENT	Cannot assign 'T' to 'java.time.Duration'	src\main\java\dev\railroadide\railroad\utility\ExpiringCache.java:23:9
1	ERROR	SEM_UNRESOLVED_TYPE	Cannot resolve type 'TYPE_Lab'	src\main\java\dev\railroadide\railroad\utility\ImageUtils.java:60:22
1	ERROR	SEM_UNRESOLVED_TYPE	Cannot resolve type 'TYPE_XYZ'	src\main\java\dev\railroadide\railroad\utility\ImageUtils.java:59:22
1	ERROR	SEM_DISALLOWED_EXCEPTION_IN_METHOD_SIGNATURE	Method 'openInDefaultApplication' declares disallowed exception 'java.lang.RuntimeException' in its signature	src\main\java\dev\railroadide\railroad\utility\FileUtils.java:347:66
1	ERROR	SEM_UNRESOLVED_TYPE	Cannot resolve type 'TYPE_Yxy'	src\main\java\dev\railroadide\railroad\utility\ImageUtils.java:63:22
1	ERROR	SEM_UNRESOLVED_TYPE	Cannot resolve type 'TYPE_YCbCr'	src\main\java\dev\railroadide\railroad\utility\ImageUtils.java:62:22
1	ERROR	SEM_UNRESOLVED_TYPE	Cannot resolve type 'TYPE_Luv'	src\main\java\dev\railroadide\railroad\utility\ImageUtils.java:61:22
1	ERROR	SEM_DISALLOWED_EXCEPTION_IN_METHOD_SIGNATURE	Method 'copyFolder' declares disallowed exception 'java.lang.RuntimeException' in its signature	src\main\java\dev\railroadide\railroad\utility\FileUtils.java:142:61
1	ERROR	SEM_DISALLOWED_EXCEPTION_IN_METHOD_SIGNATURE	Method 'copyUrlToFile' declares disallowed exception 'java.lang.RuntimeException' in its signature	src\main\java\dev\railroadide\railroad\utility\FileUtils.java:55:67
1	ERROR	SEM_INCOMPATIBLE_ASSIGNMENT	Cannot assign 'T' to 'java.util.concurrent.CompletableFuture'	src\main\java\dev\railroadide\railroad\utility\ExpiringCache.java:39:33
1	ERROR	SEM_DISALLOWED_EXCEPTION_IN_METHOD_SIGNATURE	Method 'openInExplorer' declares disallowed exception 'java.lang.RuntimeException' in its signature	src\main\java\dev\railroadide\railroad\utility\FileUtils.java:337:56
1	ERROR	SEM_DISALLOWED_EXCEPTION_IN_METHOD_SIGNATURE	Method 'isBinaryFile' declares disallowed exception 'java.lang.RuntimeException' in its signature	src\main\java\dev\railroadide\railroad\utility\FileUtils.java:301:57
1	ERROR	SEM_DISALLOWED_EXCEPTION_IN_METHOD_SIGNATURE	Method 'deleteFolder' declares disallowed exception 'java.lang.RuntimeException' in its signature	src\main\java\dev\railroadide\railroad\utility\FileUtils.java:167:56
1	ERROR	SEM_UNRESOLVED_CALL	Cannot resolve call 'mappingsVersion'	src\main\java\dev\railroadide\railroad\project\facet\detector\FabricFacetDetector.java:60:65
1	ERROR	SEM_MISSING_IMPLEMENTATION	Type is missing implementation for 'withUpdatedFile(I,java.nio.file.Path,F)'	src\main\java\dev\railroadide\railroad\ide\language\impl\index\JavaProjectLanguageIndexer.java:14:1
1	ERROR	SEM_UNRESOLVED_MEMBER	Cannot resolve member 'roots'	src\main\java\dev\railroadide\railroad\ide\language\impl\index\JavaAnalysisContextProvider.java:159:18
1	ERROR	SEM_MISSING_IMPLEMENTATION	Type is missing implementation for 'withRemovedFile(I,java.nio.file.Path)'	src\main\java\dev\railroadide\railroad\ide\language\impl\index\JavaProjectLanguageIndexer.java:14:1
1	ERROR	SEM_UNRESOLVED_CALL	Cannot resolve call 'resolve'	src\main\java\dev\railroadide\railroad\ide\language\index\DefaultProjectIndexContextResolver.java:21:45
1	ERROR	SEM_INVALID_OVERRIDE	Invalid override for 'indexFile'	src\main\java\dev\railroadide\railroad\ide\language\impl\index\JavaProjectLanguageIndexer.java:40:5
1	ERROR	SEM_INCOMPATIBLE_ASSIGNMENT	Cannot assign 'T' to 'dev.railroadide.railroad.ide.diagnostics.inspections.SimpleJavaInspectionRule.Evaluator'	src\main\java\dev\railroadide\railroad\ide\diagnostics\inspections\SimpleJavaInspectionRule.java:34:9
1	ERROR	SEM_DUPLICATE_DECLARATION	Duplicate declaration for 'field'	src\main\java\dev\railroadide\railroad\ide\diagnostics\inspections\CoreOverlyStrongTypeCastInspection.java:176:14
1	ERROR	SEM_INCOMPATIBLE_ASSIGNMENT	Cannot assign 'java.util.Map' to 'dev.railroadide.railroad.ide.indexing.TrieNode'	src\main\java\dev\railroadide\railroad\ide\indexing\Trie.java:12:13
1	ERROR	SEM_INCOMPATIBLE_ASSIGNMENT	Cannot assign 'NullableT' to 'dev.railroadide.railroad.ide.language.impl.index.JavaLanguageIndexContext'	src\main\java\dev\railroadide\railroad\ide\language\impl\index\JavaAnalysisContextProvider.java:41:33
1	ERROR	SEM_UNRESOLVED_CALL	Cannot resolve call 'LANGUAGE_ID'	src\main\java\dev\railroadide\railroad\ide\language\impl\JavaLanguageSupport.java:35:9
1	ERROR	SEM_UNRESOLVED_TYPE	Cannot resolve type 'NullableT'	src\main\java\dev\railroadide\railroad\ide\language\index\ProjectIndexContext.java:30:44
1	ERROR	SEM_UNRESOLVED_TYPE	Cannot resolve type 'NullableF'	src\main\java\dev\railroadide\railroad\ide\language\index\ProjectLanguageIndexService.java:163:76
1	ERROR	SEM_INCOMPATIBLE_ASSIGNMENT	Cannot assign 'dev.railroadide.railroad.ide.language.index.ProjectLanguageIndexer' to 'F'	src\main\java\dev\railroadide\railroad\ide\language\index\ProjectLanguageIndexService.java:179:10
1	ERROR	SEM_UNRESOLVED_CALL	Cannot resolve call 'setPath'	src\main\java\dev\railroadide\railroad\ide\projectexplorer\PathTreeCell.java:215:27
1	ERROR	SEM_MISSING_IMPLEMENTATION	Type is missing implementation for 'compare(T,T)'	src\main\java\dev\railroadide\railroad\ide\projectexplorer\PathTreeItemComparator.java:9:1
1	ERROR	SEM_UNRESOLVED_CALL	Cannot resolve call 'pathItem'	src\main\java\dev\railroadide\railroad\ide\projectexplorer\PathTreeItem.java:20:9
1	ERROR	SEM_UNRESOLVED_CALL	Cannot resolve call 'DefaultProjectIndexContextResolver'	src\main\java\dev\railroadide\railroad\ide\language\index\ProjectLanguageIndexCoordinator.java:26:9
1	ERROR	SEM_INCOMPATIBLE_ASSIGNMENT	Cannot assign 'T' to 'dev.railroadide.railroad.ide.language.index.ProjectLanguageIndexService'	src\main\java\dev\railroadide\railroad\ide\language\index\ProjectLanguageIndexCoordinator.java:35:9
1	ERROR	SEM_UNINITIALIZED_FINAL_FIELD	Final field 'context' might not be initialized	src\main\java\dev\railroadide\railroad\ide\language\index\ProjectLanguageIndexCoordinator.java:25:5
1	ERROR	SEM_UNINITIALIZED_FINAL_FIELD	Final field 'supports' might not be initialized	src\main\java\dev\railroadide\railroad\ide\language\index\ProjectLanguageIndexCoordinator.java:25:5
1	ERROR	SEM_UNINITIALIZED_FINAL_FIELD	Final field 'indexService' might not be initialized	src\main\java\dev\railroadide\railroad\ide\language\index\ProjectLanguageIndexCoordinator.java:25:5
1	ERROR	SEM_MISSING_RETURN	Missing return: method 'enclosingTypeReference' must return 'SyntaxNode' on all paths	src\main\java\dev\railroadide\railroad\ide\diagnostics\inspections\CoreNegativeHexIntInLongContextInspection.java:295:75
1	ERROR	SEM_INCOMPATIBLE_ASSIGNMENT	Cannot assign 'java.util.Optional' to 'boolean'	src\main\java\dev\railroadide\railroad\ide\diagnostics\inspections\CoreAssertionCanBeReplacedWithIfStatementInspection.java:49:20
1	ERROR	SEM_UNRESOLVED_TYPE	Cannot resolve type 'ExceptionStackOverflowError'	src\main\java\dev\railroadide\railroad\ide\diagnostics\ProjectDiagnosticsScanner.java:147:18
1	ERROR	SEM_UNRESOLVED_CALL	Cannot resolve call 'traverse'	src\main\java\dev\railroadide\railroad\ide\diagnostics\inspections\CoreAssignmentInspection.java:27:52
1	ERROR	SEM_MISSING_RETURN	Missing return: method 'hasContinueTarget' must return 'boolean' on all paths	src\main\java\dev\railroadide\railroad\ide\diagnostics\inspections\CoreControlFlowInspection.java:217:5
1	ERROR	SEM_MISSING_RETURN	Missing return: method 'hasBreakTarget' must return 'boolean' on all paths	src\main\java\dev\railroadide\railroad\ide\diagnostics\inspections\CoreControlFlowInspection.java:201:5
1	ERROR	SEM_MISSING_IMPLEMENTATION	Type is missing implementation for 'delete()'	src\main\java\dev\railroadide\railroad\ide\diagnostics\EditorDiagnostic.java:10:1
1	ERROR	SEM_MISSING_IMPLEMENTATION	Type is missing implementation for 'getLastModified()'	src\main\java\dev\railroadide\railroad\ide\diagnostics\EditorDiagnostic.java:10:1
1	ERROR	SEM_INVALID_OVERRIDE	Invalid override for 'getSource'	src\main\java\dev\railroadide\railroad\ide\diagnostics\EditorDiagnostic.java:25:5
1	ERROR	SEM_INCOMPATIBLE_ASSIGNMENT	Cannot assign 'dev.railroadide.railroad.registry.Registry' to 'dev.railroadide.railroad.plugin.spi.inspection.LanguageInspectionProvider'	src\main\java\dev\railroadide\railroad\ide\diagnostics\JavaInspectionRegistries.java:98:35
1	ERROR	SEM_UNRESOLVED_CALL	Cannot resolve call 'context'	src\main\java\dev\railroadide\railroad\ide\diagnostics\JavaDiagnosticsProvider.java:38:9
1	ERROR	SEM_MISSING_RETURN	Missing return: method 'hasYieldTarget' must return 'boolean' on all paths	src\main\java\dev\railroadide\railroad\ide\diagnostics\inspections\CoreControlFlowInspection.java:233:5
1	ERROR	SEM_MISSING_RETURN	Missing return: method 'isInFloatingPointContext' must return 'boolean' on all paths	src\main\java\dev\railroadide\railroad\ide\diagnostics\inspections\CoreIntegerDivisionInFloatingPointContextInspection.java:59:5
1	ERROR	SEM_INCOMPATIBLE_ASSIGNMENT	Cannot assign 'dev.railroadide.railroad.plugin.spi.inspection.JavaRuleContext.ImportIndex' to 'dev.railroadide.railroad.plugin.spi.inspection.JavaRuleContext$ImportIndex'	src\main\java\dev\railroadide\railroad\ide\diagnostics\inspections\CoreImportInspection.java:82:36
1	ERROR	SEM_UNRESOLVED_CALL	Cannot resolve call 'declaration'	src\main\java\dev\railroadide\railroad\ide\diagnostics\inspections\CoreModifierInspection.java:360:39
1	ERROR	SEM_MISSING_RETURN	Missing return: method 'nearestAncestor' must return 'SyntaxNode' on all paths	src\main\java\dev\railroadide\railroad\ide\diagnostics\inspections\CoreNegativeHexIntInLongContextInspection.java:187:13
1	ERROR	SEM_MISSING_RETURN	Missing return: method 'isLongContext' must return 'boolean' on all paths	src\main\java\dev\railroadide\railroad\ide\diagnostics\inspections\CoreNegativeHexIntInLongContextInspection.java:110:12
1	ERROR	SEM_MISSING_RETURN	Missing return: method 'nearestCallableOrLambda' must return 'SyntaxNode' on all paths	src\main\java\dev\railroadide\railroad\ide\diagnostics\inspections\CoreControlFlowInspection.java:327:5
1	ERROR	SEM_MISSING_RETURN	Missing return: method 'findLabeledTarget' must return 'SyntaxNode' on all paths	src\main\java\dev\railroadide\railroad\ide\diagnostics\inspections\CoreControlFlowInspection.java:249:5
1	ERROR	SEM_UNRESOLVED_CALL	Cannot resolve call 'start'	src\main\java\dev\railroadide\railroad\ide\diagnostics\inspections\CoreDefiniteAssignmentInspection.java:757:68
1	ERROR	SEM_UNRESOLVED_MEMBER	Cannot resolve member 'WIDENING'	src\main\java\dev\railroadide\railroad\ide\diagnostics\inspections\CoreImplicitNumericConversionInspection.java:295:35
1	ERROR	SEM_UNRESOLVED_CALL	Cannot resolve call 'syntaxTree'	src\main\java\dev\railroadide\railroad\ide\diagnostics\inspections\CoreDuplicateDeclarationInspection.java:39:73
1	ERROR	SEM_INCOMPATIBLE_ASSIGNMENT	Cannot assign 'java.util.Optional' to 'dev.railroadide.railroad.ide.language.LanguageSupport'	src\main\java\dev\railroadide\railroad\ide\projectexplorer\ProjectExplorerPane.java:296:24
1	ERROR	SEM_INCOMPATIBLE_ASSIGNMENT	Cannot assign 'T' to 'dev.railroadide.railroad.ide.runconfig.RunConfiguration[]'	src\main\java\dev\railroadide\railroad\ide\runconfig\defaults\data\CompoundRunConfigurationData.java:89:30
1	ERROR	SEM_INCOMPATIBLE_ASSIGNMENT	Cannot assign 'dev.railroadide.railroad.ide.runconfig.defaults.data.ShellScriptRunConfigurationData$ExecuteMode' to 'dev.railroadide.railroad.ide.runconfig.defaults.data.ShellScriptRunConfigurationData.ExecuteMode'	src\main\java\dev\railroadide\railroad\ide\runconfig\defaults\ShellScriptRunConfigurationType.java:146:20
1	ERROR	SEM_UNRESOLVED_CALL	Cannot resolve call 'initialSelectionSupplier'	src\main\java\dev\railroadide\railroad\ide\runconfig\defaults\data\CompoundRunConfigurationData.java:79:22
1	ERROR	SEM_UNRESOLVED_CALL	Cannot resolve call 'getTasks'	src\main\java\dev\railroadide\railroad\ide\runconfig\defaults\data\GradleRunConfigurationData.java:317:43
1	ERROR	SEM_UNRESOLVED_CALL	Cannot resolve call 'bindComboBoxTo'	src\main\java\dev\railroadide\railroad\ide\runconfig\defaults\data\GradleRunConfigurationData.java:136:22
1	ERROR	SEM_UNRESOLVED_CALL	Cannot resolve call 'RailroadIcon'	src\main\java\dev\railroadide\railroad\ide\runconfig\defaults\JarApplicationRunConfigurationType.java:24:9
1	ERROR	SEM_INCOMPATIBLE_ASSIGNMENT	Cannot assign 'dev.railroadide.railroad.ide.runconfig.RunConfiguration' to 'dev.railroadide.railroad.ide.runconfig.defaults.data.JarApplicationRunConfigurationData'	src\main\java\dev\railroadide\railroad\ide\runconfig\defaults\JarApplicationRunConfigurationType.java:30:47
1	ERROR	SEM_INCOMPATIBLE_ASSIGNMENT	Cannot assign 'dev.railroadide.railroad.ide.runconfig.RunConfiguration' to 'dev.railroadide.railroad.ide.runconfig.defaults.data.JavaApplicationRunConfigurationData'	src\main\java\dev\railroadide\railroad\ide\runconfig\defaults\JavaApplicationRunConfigurationType.java:84:44
1	ERROR	SEM_INCOMPATIBLE_ASSIGNMENT	Cannot assign 'dev.railroadide.railroad.ide.runconfig.RunConfiguration' to 'dev.railroadide.railroad.ide.runconfig.defaults.data.ShellScriptRunConfigurationData'	src\main\java\dev\railroadide\railroad\ide\runconfig\defaults\ShellScriptRunConfigurationType.java:87:44
1	ERROR	SEM_UNRESOLVED_CALL	Cannot resolve call 'run'	src\main\java\dev\railroadide\railroad\ide\runconfig\defaults\JavaApplicationRunConfigurationType.java:111:39
1	ERROR	SEM_INCOMPATIBLE_ASSIGNMENT	Cannot assign 'T' to 'dev.railroadide.railroad.ide.runconfig.defaults.data.ShellScriptRunConfigurationData.ExecuteMode'	src\main\java\dev\railroadide\railroad\ide\runconfig\defaults\data\ShellScriptRunConfigurationData.java:114:9
1	ERROR	SEM_UNRESOLVED_MEMBER	Cannot resolve member 'availableConfigurations'	src\main\java\dev\railroadide\railroad\ide\runconfig\ui\form\RunConfigurationPickerComponent.java:36:29
1	ERROR	SEM_UNRESOLVED_MEMBER	Cannot resolve member 'labelKey'	src\main\java\dev\railroadide\railroad\ide\runconfig\ui\form\RunConfigurationPickerComponent.java:34:29
1	ERROR	SEM_UNRESOLVED_MEMBER	Cannot resolve member 'filter'	src\main\java\dev\railroadide\railroad\ide\runconfig\ui\form\RunConfigurationPickerComponent.java:37:29
1	ERROR	SEM_INCOMPATIBLE_ASSIGNMENT	Cannot assign 'org.eclipse.jdt.core.dom.ITypeBinding[]' to 'org.eclipse.jdt.core.dom.ITypeBinding'	src\main\java\dev\railroadide\railroad\ide\signature\JdtJavaSignatureHelpProvider.java:193:25
1	ERROR	SEM_UNRESOLVED_MEMBER	Cannot resolve member 'initialSelectionSupplier'	src\main\java\dev\railroadide\railroad\ide\runconfig\ui\form\RunConfigurationPickerComponent.java:38:29
1	ERROR	SEM_UNRESOLVED_CALL	Cannot resolve call 'applyConfigurationFormData'	src\main\java\dev\railroadide\railroad\ide\runconfig\ui\RunConfigurationEditorPane.java:271:30
1	ERROR	SEM_UNRESOLVED_CALL	Cannot resolve call 'createConfigurationForm'	src\main\java\dev\railroadide\railroad\ide\runconfig\ui\RunConfigurationEditorPane.java:246:46
1	ERROR	SEM_INCOMPATIBLE_ASSIGNMENT	Cannot assign 'dev.railroadide.railroad.form.UpdatableObjectProperty' to 'dev.railroadide.railroad.ide.runconfig.ui.form.FormRunConfigurationPicker'	src\main\java\dev\railroadide\railroad\ide\runconfig\ui\form\RunConfigurationPickerComponent.java:83:35
1	ERROR	SEM_UNRESOLVED_CALL	Cannot resolve call 'getSelectedConfigurations'	src\main\java\dev\railroadide\railroad\ide\runconfig\ui\form\RunConfigurationPickerComponent.java:181:45
1	ERROR	SEM_INCOMPATIBLE_ASSIGNMENT	Cannot assign 'Objects' to 'java.util.function.Predicate'	src\main\java\dev\railroadide\railroad\ide\runconfig\ui\form\RunConfigurationPickerComponent.java:110:13
1	ERROR	SEM_UNRESOLVED_CALL	Cannot resolve call 'RailroadBrandsIcon'	src\main\java\dev\railroadide\railroad\ide\runconfig\defaults\GradleRunConfigurationType.java:34:9
1	ERROR	SEM_UNRESOLVED_MEMBER	Cannot resolve member 'JAVA_ENUM'	src\main\java\dev\railroadide\railroad\ide\projectexplorer\dialog\CreateFileDialog.java:69:107
1	ERROR	SEM_UNRESOLVED_MEMBER	Cannot resolve member 'JAVA_INTERFACE'	src\main\java\dev\railroadide\railroad\ide\projectexplorer\dialog\CreateFileDialog.java:69:77
1	ERROR	SEM_UNRESOLVED_MEMBER	Cannot resolve member 'JAVA_ANNOTATION'	src\main\java\dev\railroadide\railroad\ide\projectexplorer\dialog\CreateFileDialog.java:69:132
1	ERROR	SEM_UNRESOLVED_MEMBER	Cannot resolve member 'TXT'	src\main\java\dev\railroadide\railroad\ide\projectexplorer\dialog\CreateFileDialog.java:71:59
1	ERROR	SEM_UNRESOLVED_MEMBER	Cannot resolve member 'JSON'	src\main\java\dev\railroadide\railroad\ide\projectexplorer\dialog\CreateFileDialog.java:70:60
1	ERROR	SEM_INCOMPATIBLE_ASSIGNMENT	Cannot assign 'javafx.scene.control.MultipleSelectionModel' to 'dev.railroadide.railroad.ide.projectexplorer.dialog.CreateFileDialog.TypeSelection'	src\main\java\dev\railroadide\railroad\ide\projectexplorer\dialog\CreateFileDialog.java:81:26
1	ERROR	SEM_UNRESOLVED_CALL	Cannot resolve call 'setCut'	src\main\java\dev\railroadide\railroad\ide\projectexplorer\ProjectExplorerPane.java:198:29
1	ERROR	SEM_UNRESOLVED_CALL	Cannot resolve call 'getTemplate'	src\main\java\dev\railroadide\railroad\ide\projectexplorer\dialog\CreateFileDialog.java:83:45
1	ERROR	SEM_UNRESOLVED_MEMBER	Cannot resolve member 'JAVA_CLASS'	src\main\java\dev\railroadide\railroad\ide\projectexplorer\dialog\CreateFileDialog.java:69:51
1	ERROR	SEM_UNRESOLVED_CALL	Cannot resolve call 'getExtension'	src\main\java\dev\railroadide\railroad\ide\projectexplorer\dialog\CreateFileDialog.java:85:46
1	ERROR	SEM_DISALLOWED_EXCEPTION_IN_METHOD_SIGNATURE	Method 'call' declares disallowed exception 'java.lang.Exception' in its signature	src\main\java\dev\railroadide\railroad\ide\projectexplorer\task\SearchTask.java:26:33
1	ERROR	SEM_UNRESOLVED_CALL	Cannot resolve call 'equalsIgnoreCase'	src\main\java\dev\railroadide\railroad\ide\runconfig\RunConfigurationManager.java:139:41
1	ERROR	SEM_UNINITIALIZED_FINAL_FIELD	Final field 'data' might not be initialized	src\main\java\dev\railroadide\railroad\ide\runconfig\RunConfiguration.java:47:5
1	ERROR	SEM_INCOMPATIBLE_ASSIGNMENT	Cannot assign 'T' to 'org.kordamp.ikonli.Ikon'	src\main\java\dev\railroadide\railroad\ide\runconfig\RunConfigurationType.java:29:9
1	ERROR	SEM_INCOMPATIBLE_ASSIGNMENT	Cannot assign 'dev.railroadide.railroad.ide.runconfig.RunConfiguration' to 'dev.railroadide.railroad.ide.runconfig.defaults.data.GradleRunConfigurationData'	src\main\java\dev\railroadide\railroad\ide\runconfig\defaults\GradleRunConfigurationType.java:137:35
1	ERROR	SEM_INCOMPATIBLE_ASSIGNMENT	Cannot assign 'T' to 'javafx.scene.paint.Paint'	src\main\java\dev\railroadide\railroad\ide\runconfig\RunConfigurationType.java:30:9
1	ERROR	SEM_INACCESSIBLE_MEMBER	Member 'ENTRY_DELETE' is not accessible from here	src\main\java\dev\railroadide\railroad\ide\projectexplorer\task\WatchTask.java:94:60
1	ERROR	SEM_INACCESSIBLE_MEMBER	Member 'OVERFLOW' is not accessible from here	src\main\java\dev\railroadide\railroad\ide\projectexplorer\task\WatchTask.java:46:40
1	ERROR	SEM_INACCESSIBLE_MEMBER	Member 'ENTRY_MODIFY' is not accessible from here	src\main\java\dev\railroadide\railroad\ide\projectexplorer\task\WatchTask.java:94:74
1	ERROR	SEM_UNINITIALIZED_FINAL_FIELD	Final field 'uuid' might not be initialized	src\main\java\dev\railroadide\railroad\ide\runconfig\RunConfiguration.java:47:5
1	ERROR	SEM_INCOMPATIBLE_ASSIGNMENT	Cannot assign 'T' to 'D'	src\main\java\dev\railroadide\railroad\ide\runconfig\RunConfiguration.java:196:10
1	ERROR	SEM_MISSING_IMPLEMENTATION	Type is missing implementation for 'openWriter()'	src\main\java\dev\railroadide\railroad\ide\diagnostics\EditorDiagnostic.java:10:1
1	ERROR	SEM_INCOMPATIBLE_ASSIGNMENT	Cannot assign 'dev.railroadide.railroad.form.UpdatableObjectProperty' to 'dev.railroadide.railroad.form.ui.FormRadioButtonGroup'	src\main\java\dev\railroadide\railroad\form\impl\RadioButtonGroupComponent.java:82:36
1	ERROR	SEM_UNRESOLVED_MEMBER	Cannot resolve member 'valueOfFunction'	src\main\java\dev\railroadide\railroad\form\impl\ComboBoxComponent.java:65:126
1	ERROR	SEM_INCOMPATIBLE_ASSIGNMENT	Cannot assign 'javafx.beans.value.ObservableValue' to 'javafx.scene.Node'	src\main\java\dev\railroadide\railroad\form\impl\RadioButtonGroupComponent.java:218:21
1	ERROR	SEM_UNRESOLVED_CALL	Cannot resolve call 'options'	src\main\java\dev\railroadide\railroad\form\impl\RadioButtonGroupComponent.java:40:29
1	ERROR	SEM_INCOMPATIBLE_ASSIGNMENT	Cannot assign 'Enum' to 'java.util.function.Function'	src\main\java\dev\railroadide\railroad\form\impl\RadioButtonGroupComponent.java:248:36
1	ERROR	SEM_UNRESOLVED_CALL	Cannot resolve call 'setButtonCell'	src\main\java\dev\railroadide\railroad\form\impl\ComboBoxComponent.java:73:52
1	ERROR	SEM_UNRESOLVED_CALL	Cannot resolve call 'setCellFactory'	src\main\java\dev\railroadide\railroad\form\impl\ComboBoxComponent.java:69:52
1	ERROR	SEM_UNRESOLVED_CALL	Cannot resolve call 'setItems'	src\main\java\dev\railroadide\railroad\form\impl\ComboBoxComponent.java:81:56
1	ERROR	SEM_UNRESOLVED_CALL	Cannot resolve call 'setOnKeyTyped'	src\main\java\dev\railroadide\railroad\form\impl\ComboBoxComponent.java:98:69
1	ERROR	SEM_UNRESOLVED_CALL	Cannot resolve call 'setAll'	src\main\java\dev\railroadide\railroad\form\impl\ComboBoxComponent.java:83:67
1	ERROR	SEM_UNRESOLVED_MEMBER	Cannot resolve member 'optionLabelProvider'	src\main\java\dev\railroadide\railroad\form\impl\RadioButtonGroupComponent.java:41:29
1	ERROR	SEM_INVALID_OVERRIDE	Invalid override for 'ensureAutoCompleteOptions'	src\main\java\dev\railroadide\railroad\form\impl\TextFieldComponent.java:382:9
1	ERROR	SEM_UNRESOLVED_CALL	Cannot resolve call 'getAutoCompleteOptions'	src\main\java\dev\railroadide\railroad\form\impl\TextFieldComponent.java:53:173
1	ERROR	SEM_UNRESOLVED_CALL	Cannot resolve call 'label'	src\main\java\dev\railroadide\railroad\form\ui\FormCheckBox.java:22:9
1	ERROR	SEM_UNRESOLVED_CALL	Cannot resolve call 'setLabelFor'	src\main\java\dev\railroadide\railroad\form\ui\LabeledHBox.java:48:20
1	ERROR	SEM_UNRESOLVED_CALL	Cannot resolve call 'lines'	src\main\java\dev\railroadide\railroad\form\ui\FormTextArea.java:79:48
1	ERROR	SEM_UNRESOLVED_MEMBER	Cannot resolve member 'spacing'	src\main\java\dev\railroadide\railroad\form\impl\RadioButtonGroupComponent.java:43:29
1	ERROR	SEM_UNRESOLVED_MEMBER	Cannot resolve member 'translateOptions'	src\main\java\dev\railroadide\railroad\form\impl\RadioButtonGroupComponent.java:42:29
1	ERROR	SEM_UNRESOLVED_TYPE	Cannot resolve type 'IllegalAccessExceptionInvocationTargetException'	src\main\java\dev\railroadide\railroad\form\impl\RadioButtonGroupComponent.java:135:34
1	ERROR	SEM_UNRESOLVED_MEMBER	Cannot resolve member 'wrapText'	src\main\java\dev\railroadide\railroad\form\impl\TextAreaComponent.java:47:169
1	ERROR	SEM_UNRESOLVED_MEMBER	Cannot resolve member 'resize'	src\main\java\dev\railroadide\railroad\form\impl\TextAreaComponent.java:47:149
1	ERROR	SEM_INCOMPATIBLE_ASSIGNMENT	Cannot assign 'Object' to 'dev.railroadide.railroad.utility.function.ToStringFunction'	src\main\java\dev\railroadide\railroad\form\impl\ComboBoxComponent.java:476:36
1	ERROR	SEM_UNINITIALIZED_FINAL_FIELD	Final field 'visible' might not be initialized	src\main\java\dev\railroadide\railroad\form\FormComponent.java:98:5
1	ERROR	SEM_UNINITIALIZED_FINAL_FIELD	Final field 'validator' might not be initialized	src\main\java\dev\railroadide\railroad\form\FormComponent.java:98:5
1	ERROR	SEM_INCOMPATIBLE_ASSIGNMENT	Cannot assign 'T' to 'javafx.scene.layout.Border'	src\main\java\dev\railroadide\railroad\form\FormSection.java:55:9
1	ERROR	SEM_UNRESOLVED_CALL	Cannot resolve call 'isVisible'	src\main\java\dev\railroadide\railroad\form\FormSection.java:149:38
1	ERROR	SEM_INCOMPATIBLE_ASSIGNMENT	Cannot assign 'dev.railroadide.railroad.form.FormComponent' to 'javafx.scene.Node'	src\main\java\dev\railroadide\railroad\form\FormSection.java:111:17
1	ERROR	SEM_UNRESOLVED_CALL	Cannot resolve call 'setDisable'	src\main\java\dev\railroadide\railroad\form\FormComponent.java:290:25
1	ERROR	SEM_INCOMPATIBLE_ASSIGNMENT	Cannot assign 'dev.railroadide.railroad.form.FormComponentValidator' to 'dev.railroadide.railroad.form.ValidationResult'	src\main\java\dev\railroadide\railroad\form\FormComponent.java:300:25
1	ERROR	SEM_UNRESOLVED_CALL	Cannot resolve call 'removeAll'	src\main\java\dev\railroadide\railroad\form\FormComponent.java:302:34
1	ERROR	SEM_UNINITIALIZED_FINAL_FIELD	Final field 'listener' might not be initialized	src\main\java\dev\railroadide\railroad\form\FormComponent.java:98:5
1	ERROR	SEM_UNINITIALIZED_FINAL_FIELD	Final field 'dataKey' might not be initialized	src\main\java\dev\railroadide\railroad\form\FormComponent.java:98:5
1	ERROR	SEM_INCOMPATIBLE_ASSIGNMENT	Cannot assign 'javafx.beans.property.ObjectProperty' to 'T'	src\main\java\dev\railroadide\railroad\form\FormTransformer.java:90:10
1	ERROR	SEM_UNRESOLVED_CALL	Cannot resolve call 'initialValue'	src\main\java\dev\railroadide\railroad\form\UpdatableObjectProperty.java:29:9
1	ERROR	SEM_UNINITIALIZED_FINAL_FIELD	Final field 'asynchronous' might not be initialized	src\main\java\dev\railroadide\railroad\form\FormTransformer.java:37:5
1	ERROR	SEM_UNRESOLVED_MEMBER	Cannot resolve member 'OK'	src\main\java\dev\railroadide\railroad\form\ValidationResult.java:28:44
1	ERROR	SEM_INCOMPATIBLE_ASSIGNMENT	Cannot assign 'dev.railroadide.railroad.form.UpdatableObjectProperty' to 'dev.railroadide.railroad.form.impl.ComboBoxComponent.Data'	src\main\java\dev\railroadide\railroad\form\impl\ComboBoxComponent.java:101:20
1	ERROR	SEM_INCOMPATIBLE_ASSIGNMENT	Cannot assign 'java.util.function.Supplier' to 'T'	src\main\java\dev\railroadide\railroad\form\impl\ComboBoxComponent.java:78:18
1	ERROR	SEM_UNRESOLVED_CALL	Cannot resolve call 'fromComponent'	src\main\java\dev\railroadide\railroad\form\FormTransformer.java:38:9
1	ERROR	SEM_INCOMPATIBLE_ASSIGNMENT	Cannot assign 'java.util.function.Function' to 'V'	src\main\java\dev\railroadide\railroad\form\FormTransformer.java:96:13
1	ERROR	SEM_UNINITIALIZED_FINAL_FIELD	Final field 'fromComponentFunction' might not be initialized	src\main\java\dev\railroadide\railroad\form\FormTransformer.java:37:5
1	ERROR	SEM_UNINITIALIZED_FINAL_FIELD	Final field 'futureMapper' might not be initialized	src\main\java\dev\railroadide\railroad\form\FormTransformer.java:37:5
1	ERROR	SEM_UNINITIALIZED_FINAL_FIELD	Final field 'toComponentFunction' might not be initialized	src\main\java\dev\railroadide\railroad\form\FormTransformer.java:37:5
1	ERROR	SEM_UNRESOLVED_TYPE	Cannot resolve type 'BuildCancelledExceptionCancellationException'	src\main\java\dev\railroadide\railroad\gradle\service\impl\ToolingGradleExecutionService.java:71:22
1	ERROR	SEM_UNRESOLVED_TYPE	Cannot resolve type 'BOOLEAN'	src\main\java\dev\railroadide\railroad\ide\classparser\Type.java:10:18
1	ERROR	SEM_UNRESOLVED_TYPE	Cannot resolve type 'VOID'	src\main\java\dev\railroadide\railroad\ide\classparser\Type.java:9:18
1	ERROR	SEM_UNRESOLVED_TYPE	Cannot resolve type 'INT'	src\main\java\dev\railroadide\railroad\ide\classparser\Type.java:14:18
1	ERROR	SEM_UNRESOLVED_TYPE	Cannot resolve type 'DOUBLE'	src\main\java\dev\railroadide\railroad\ide\classparser\Type.java:17:18
1	ERROR	SEM_UNRESOLVED_TYPE	Cannot resolve type 'FLOAT'	src\main\java\dev\railroadide\railroad\ide\classparser\Type.java:15:18
1	ERROR	SEM_UNRESOLVED_TYPE	Cannot resolve type 'EXTENDS'	src\main\java\dev\railroadide\railroad\ide\classparser\ClassStubVisitor.java:278:26
1	ERROR	SEM_UNRESOLVED_MEMBER	Cannot resolve member 'methods'	src\main\java\dev\railroadide\railroad\ide\classparser\ClassStubVisitor.java:410:39
1	ERROR	SEM_UNRESOLVED_TYPE	Cannot resolve type 'SUPER'	src\main\java\dev\railroadide\railroad\ide\classparser\ClassStubVisitor.java:279:26
1	ERROR	SEM_UNASSIGNED_VARIABLE	Variable 'className' might not have been initialized	src\main\java\dev\railroadide\railroad\ide\classparser\Type.java:24:37
1	ERROR	SEM_UNASSIGNED_VARIABLE	Variable 'componentType' might not have been initialized	src\main\java\dev\railroadide\railroad\ide\classparser\Type.java:20:37
1	ERROR	SEM_UNRESOLVED_TYPE	Cannot resolve type 'ARRAY'	src\main\java\dev\railroadide\railroad\ide\classparser\Type.java:18:18
1	ERROR	SEM_MISSING_IMPLEMENTATION	Type is missing implementation for 'openInputStream()'	src\main\java\dev\railroadide\railroad\ide\diagnostics\EditorDiagnostic.java:10:1
1	ERROR	SEM_MISSING_IMPLEMENTATION	Type is missing implementation for 'getAccessLevel()'	src\main\java\dev\railroadide\railroad\ide\diagnostics\EditorDiagnostic.java:10:1
1	ERROR	SEM_MISSING_IMPLEMENTATION	Type is missing implementation for 'openOutputStream()'	src\main\java\dev\railroadide\railroad\ide\diagnostics\EditorDiagnostic.java:10:1
1	ERROR	SEM_MISSING_IMPLEMENTATION	Type is missing implementation for 'getCharContent(boolean)'	src\main\java\dev\railroadide\railroad\ide\diagnostics\EditorDiagnostic.java:10:1
1	ERROR	SEM_MISSING_IMPLEMENTATION	Type is missing implementation for 'openReader(boolean)'	src\main\java\dev\railroadide\railroad\ide\diagnostics\EditorDiagnostic.java:10:1
1	ERROR	SEM_INCOMPATIBLE_ASSIGNMENT	Cannot assign 'java.util.stream.Stream' to 'java.lang.String'	src\main\java\dev\railroadide\railroad\ide\completion\JdtCompletionProvider.java:243:15
1	ERROR	SEM_UNRESOLVED_TYPE	Cannot resolve type 'OBJECT'	src\main\java\dev\railroadide\railroad\ide\classparser\Type.java:22:18
1	ERROR	SEM_ILLEGAL_FINAL_ASSIGNMENT	Final variable 'binding' cannot be assigned here	src\main\java\dev\railroadide\railroad\ide\completion\JdtCompletionProvider.java:100:13
1	ERROR	SEM_MISSING_IMPLEMENTATION	Type is missing implementation for 'getNestingKind()'	src\main\java\dev\railroadide\railroad\ide\diagnostics\EditorDiagnostic.java:10:1
1	ERROR	SEM_MISSING_IMPLEMENTATION	Type is missing implementation for 'isNameCompatible(java.lang.String,javax.tools.JavaFileObject$Kind)'	src\main\java\dev\railroadide\railroad\ide\diagnostics\EditorDiagnostic.java:10:1
1	ERROR	SEM_UNRESOLVED_MEMBER	Cannot resolve member 'constructors'	src\main\java\dev\railroadide\railroad\ide\classparser\ClassStubVisitor.java:406:39
1	ERROR	SEM_UNRESOLVED_CALL	Cannot resolve call 'dependencyNode'	src\main\java\dev\railroadide\railroad\gradle\ui\tree\GradleDependencyElement.java:14:9
1	ERROR	SEM_UNRESOLVED_CALL	Cannot resolve call 'getGroup'	src\main\java\dev\railroadide\railroad\gradle\ui\task\GradleTaskTreeBuilder.java:80:37
1	ERROR	SEM_INCOMPATIBLE_ASSIGNMENT	Cannot assign 'T' to 'dev.railroadide.railroadplugin.dto.RailroadModule'	src\main\java\dev\railroadide\railroad\gradle\ui\tree\GradleModuleElement.java:22:9
1	ERROR	SEM_UNRESOLVED_CALL	Cannot resolve call 'task'	src\main\java\dev\railroadide\railroad\gradle\ui\tree\GradleTaskElement.java:18:9
1	ERROR	SEM_UNRESOLVED_CALL	Cannot resolve call 'Objects'	src\main\java\dev\railroadide\railroad\gradle\ui\tree\GradleModuleElement.java:17:9
1	ERROR	SEM_INCOMPATIBLE_ASSIGNMENT	Cannot assign 'T' to 'dev.railroadide.railroadplugin.dto.FabricDataModel'	src\main\java\dev\railroadide\railroad\gradle\service\impl\ToolingGradleModelService.java:76:28
1	ERROR	SEM_INCOMPATIBLE_ASSIGNMENT	Cannot assign 'T' to 'dev.railroadide.railroadplugin.dto.RailroadProject'	src\main\java\dev\railroadide\railroad\gradle\service\impl\ToolingGradleModelService.java:75:28
1	ERROR	SEM_DUPLICATE_DECLARATION	Duplicate declaration for 'listener'	src\main\java\dev\railroadide\railroad\gradle\service\impl\ToolingGradleTaskExecutionHandle.java:144:14
1	ERROR	SEM_MISSING_IMPLEMENTATION	Type is missing implementation for 'isVisible()'	src\main\java\dev\railroadide\railroad\gradle\ui\deps\GradleDependencyTreeBuilder.java:18:1
1	ERROR	SEM_UNRESOLVED_CALL	Cannot resolve call 'getConfigurations'	src\main\java\dev\railroadide\railroad\gradle\ui\deps\GradleDependenciesPane.java:32:39
1	ERROR	SEM_UNRESOLVED_CALL	Cannot resolve call 'isOpened'	src\main\java\dev\railroadide\railroad\ide\DefaultIDEStateService.java:28:23
1	ERROR	SEM_UNRESOLVED_CALL	Cannot resolve call 'facet'	src\main\java\dev\railroadide\railroad\ide\IDESetup.java:120:42
1	ERROR	SEM_MISSING_IMPLEMENTATION	Type is missing implementation for 'getCurrentProject()'	src\main\java\dev\railroadide\railroad\ide\DefaultIDEStateService.java:16:1
1	ERROR	SEM_INACCESSIBLE_CALL	Call 'FieldVisitor' is not accessible from here	src\main\java\dev\railroadide\railroad\ide\classparser\ClassStubVisitor.java:66:19
1	ERROR	SEM_INCOMPATIBLE_ASSIGNMENT	Cannot assign 'dev.railroadide.railroad.ide.classparser.Type[]' to 'dev.railroadide.railroad.ide.classparser.Type'	src\main\java\dev\railroadide\railroad\ide\classparser\ClassStubVisitor.java:61:45
1	ERROR	SEM_INCOMPATIBLE_ASSIGNMENT	Cannot assign 'int' to 'dev.railroadide.railroad.ide.classparser.Type[]'	src\main\java\dev\railroadide\railroad\ide\classparser\ClassStubVisitor.java:59:19
1	ERROR	SEM_UNRESOLVED_CALL	Cannot resolve call 'file'	src\main\java\dev\railroadide\railroad\ide\DefaultIDEStateService.java:36:39
1	ERROR	SEM_UNRESOLVED_CALL	Cannot resolve call 'isClosed'	src\main\java\dev\railroadide\railroad\ide\DefaultIDEStateService.java:30:30
1	ERROR	SEM_UNRESOLVED_CALL	Cannot resolve call 'isOpenedEvent'	src\main\java\dev\railroadide\railroad\ide\DefaultIDEStateService.java:37:23
1	ERROR	SEM_UNRESOLVED_CALL	Cannot resolve call 'isActivatedEvent'	src\main\java\dev\railroadide\railroad\ide\DefaultIDEStateService.java:41:30
1	ERROR	SEM_UNRESOLVED_CALL	Cannot resolve call 'isClosedEvent'	src\main\java\dev\railroadide\railroad\ide\DefaultIDEStateService.java:39:30
1	ERROR	SEM_UNRESOLVED_MEMBER	Cannot resolve member 'CONFIGURE'	src\main\java\dev\railroadide\railroad\java\cli\impl\JfrCLIBuilder.java:122:38
1	ERROR	SEM_UNRESOLVED_MEMBER	Cannot resolve member 'VIEW'	src\main\java\dev\railroadide\railroad\java\cli\impl\JfrCLIBuilder.java:110:38
1	ERROR	SEM_UNRESOLVED_MEMBER	Cannot resolve member 'SUMMARY'	src\main\java\dev\railroadide\railroad\java\cli\impl\JfrCLIBuilder.java:159:38
1	ERROR	SEM_UNRESOLVED_MEMBER	Cannot resolve member 'DISASSEMBLE'	src\main\java\dev\railroadide\railroad\java\cli\impl\JfrCLIBuilder.java:221:38
1	ERROR	SEM_UNRESOLVED_MEMBER	Cannot resolve member 'ASSEMBLE'	src\main\java\dev\railroadide\railroad\java\cli\impl\JfrCLIBuilder.java:206:38
1	ERROR	SEM_UNRESOLVED_MEMBER	Cannot resolve member 'NONE'	src\main\java\dev\railroadide\railroad\java\cli\impl\JcmdCLIBuilder.java:260:42
1	ERROR	SEM_DUPLICATE_DECLARATION	Duplicate declaration for 'disableChecks'	src\main\java\dev\railroadide\railroad\java\cli\impl\JavadocCLIBuilder.java:1731:5
1	ERROR	SEM_UNRESOLVED_MEMBER	Cannot resolve member 'PID'	src\main\java\dev\railroadide\railroad\java\cli\impl\JcmdCLIBuilder.java:264:42
1	ERROR	SEM_UNRESOLVED_MEMBER	Cannot resolve member 'PRINT'	src\main\java\dev\railroadide\railroad\java\cli\impl\JfrCLIBuilder.java:94:38
1	ERROR	SEM_UNRESOLVED_MEMBER	Cannot resolve member 'MAIN_CLASS'	src\main\java\dev\railroadide\railroad\java\cli\impl\JcmdCLIBuilder.java:268:42
1	ERROR	SEM_UNRESOLVED_MEMBER	Cannot resolve member 'DESCRIBE'	src\main\java\dev\railroadide\railroad\java\cli\impl\JmodCLIBuilder.java:130:44
1	ERROR	SEM_UNRESOLVED_MEMBER	Cannot resolve member 'GEN_CERT'	src\main\java\dev\railroadide\railroad\java\cli\impl\KeytoolCLIBuilder.java:143:39
1	ERROR	SEM_UNRESOLVED_MEMBER	Cannot resolve member 'EXPORT_CERT'	src\main\java\dev\railroadide\railroad\java\cli\impl\KeytoolCLIBuilder.java:134:39
1	ERROR	SEM_UNRESOLVED_MEMBER	Cannot resolve member 'GEN_KEYPAIR'	src\main\java\dev\railroadide\railroad\java\cli\impl\KeytoolCLIBuilder.java:152:39
1	ERROR	SEM_UNRESOLVED_MEMBER	Cannot resolve member 'IMPORT_CERT'	src\main\java\dev\railroadide\railroad\java\cli\impl\KeytoolCLIBuilder.java:170:39
1	ERROR	SEM_UNRESOLVED_MEMBER	Cannot resolve member 'GEN_SECKEY'	src\main\java\dev\railroadide\railroad\java\cli\impl\KeytoolCLIBuilder.java:161:39
1	ERROR	SEM_INCOMPATIBLE_ASSIGNMENT	Cannot assign 'T' to 'java.util.concurrent.TimeUnit'	src\main\java\dev\railroadide\railroad\java\cli\impl\KeytoolCLIBuilder.java:81:9
1	ERROR	SEM_UNRESOLVED_MEMBER	Cannot resolve member 'HASH'	src\main\java\dev\railroadide\railroad\java\cli\impl\JmodCLIBuilder.java:144:44
1	ERROR	SEM_UNRESOLVED_MEMBER	Cannot resolve member 'CERTREQ'	src\main\java\dev\railroadide\railroad\java\cli\impl\KeytoolCLIBuilder.java:107:39
1	ERROR	SEM_UNRESOLVED_MEMBER	Cannot resolve member 'DELETE'	src\main\java\dev\railroadide\railroad\java\cli\impl\KeytoolCLIBuilder.java:125:39
1	ERROR	SEM_UNRESOLVED_MEMBER	Cannot resolve member 'CHANGE_ALIAS'	src\main\java\dev\railroadide\railroad\java\cli\impl\KeytoolCLIBuilder.java:116:39
1	ERROR	SEM_DUPLICATE_DECLARATION	Duplicate declaration for 'enableChecks'	src\main\java\dev\railroadide\railroad\java\cli\impl\JavadocCLIBuilder.java:1719:5
1	ERROR	SEM_INCOMPATIBLE_ASSIGNMENT	Cannot assign 'T' to 'dev.railroadide.railroad.java.cli.impl.JavaExecutableCLIBuilder.LaunchType'	src\main\java\dev\railroadide\railroad\java\cli\impl\JavaExecutableCLIBuilder.java:43:9
1	ERROR	SEM_UNRESOLVED_MEMBER	Cannot resolve member 'ALL'	src\main\java\dev\railroadide\railroad\java\cli\impl\JarsignerCLIBuilder.java:462:37
1	ERROR	SEM_INCOMPATIBLE_ASSIGNMENT	Cannot assign 'T' to 'dev.railroadide.railroad.java.cli.impl.JavaExecutableCLIBuilder.LogOutput'	src\main\java\dev\railroadide\railroad\java\cli\impl\JavaExecutableCLIBuilder.java:3361:13
1	ERROR	SEM_UNRESOLVED_CALL	Cannot resolve call 'getModule'	src\main\java\dev\railroadide\railroad\java\cli\impl\JavaExecutableCLIBuilder.java:334:58
1	ERROR	SEM_INCOMPATIBLE_ASSIGNMENT	Cannot assign 'T' to 'dev.railroadide.railroad.java.cli.impl.JavaExecutableCLIBuilder.LogLevel'	src\main\java\dev\railroadide\railroad\java\cli\impl\JavaExecutableCLIBuilder.java:3443:13
1	ERROR	SEM_UNRESOLVED_MEMBER	Cannot resolve member 'UPDATE'	src\main\java\dev\railroadide\railroad\java\cli\impl\JarCLIBuilder.java:122:40
1	ERROR	SEM_INCOMPATIBLE_ASSIGNMENT	Cannot assign 'T' to 'dev.railroadide.railroad.java.cli.impl.JarCLIBuilder.OperationMode'	src\main\java\dev\railroadide\railroad\java\cli\impl\JarCLIBuilder.java:90:9
1	ERROR	SEM_UNRESOLVED_MEMBER	Cannot resolve member 'DESCRIBE_MODULE'	src\main\java\dev\railroadide\railroad\java\cli\impl\JarCLIBuilder.java:140:40
1	ERROR	SEM_UNRESOLVED_CALL	Cannot resolve call 'getToken'	src\main\java\dev\railroadide\railroad\java\cli\impl\JarsignerCLIBuilder.java:465:53
1	ERROR	SEM_UNRESOLVED_MEMBER	Cannot resolve member 'VALIDATE'	src\main\java\dev\railroadide\railroad\java\cli\impl\JarCLIBuilder.java:149:40
1	ERROR	SEM_UNRESOLVED_CALL	Cannot resolve call 'getComponent'	src\main\java\dev\railroadide\railroad\java\cli\impl\JavaExecutableCLIBuilder.java:576:52
1	ERROR	SEM_UNRESOLVED_MEMBER	Cannot resolve member 'MODULE'	src\main\java\dev\railroadide\railroad\java\cli\impl\JavaExecutableCLIBuilder.java:86:56
1	ERROR	SEM_UNRESOLVED_MEMBER	Cannot resolve member 'JAR_FILE'	src\main\java\dev\railroadide\railroad\java\cli\impl\JavaExecutableCLIBuilder.java:74:56
1	ERROR	SEM_UNRESOLVED_MEMBER	Cannot resolve member 'DEBUG'	src\main\java\dev\railroadide\railroad\java\cli\impl\JavaExecutableCLIBuilder.java:266:32
1	ERROR	SEM_UNRESOLVED_CALL	Cannot resolve call 'mapToObj'	src\main\java\dev\railroadide\railroad\java\cli\impl\JavadocCLIBuilder.java:1344:66
1	ERROR	SEM_UNRESOLVED_MEMBER	Cannot resolve member 'SYSTEM'	src\main\java\dev\railroadide\railroad\java\cli\impl\JavaExecutableCLIBuilder.java:829:41
1	ERROR	SEM_UNRESOLVED_CALL	Cannot resolve call 'getCommand'	src\main\java\dev\railroadide\railroad\java\cli\impl\JavaExecutableCLIBuilder.java:1628:62
1	ERROR	SEM_UNRESOLVED_CALL	Cannot resolve call 'getCategoryName'	src\main\java\dev\railroadide\railroad\java\cli\impl\JavaExecutableCLIBuilder.java:832:57
1	ERROR	SEM_UNRESOLVED_CALL	Cannot resolve call 'getPreArgument'	src\main\java\dev\railroadide\railroad\java\cli\impl\JavaExecutableCLIBuilder.java:3208:41
1	ERROR	SEM_UNRESOLVED_MEMBER	Cannot resolve member 'CLASS_FILE'	src\main\java\dev\railroadide\railroad\java\cli\impl\JavaExecutableCLIBuilder.java:59:56
1	ERROR	SEM_DUPLICATE_DECLARATION	Duplicate declaration for 'select'	src\main\java\dev\railroadide\railroad\java\cli\impl\JavaExecutableCLIBuilder.java:3351:9
1	ERROR	SEM_UNRESOLVED_MEMBER	Cannot resolve member 'IMPORT_PASS'	src\main\java\dev\railroadide\railroad\java\cli\impl\KeytoolCLIBuilder.java:179:39
1	ERROR	SEM_INCOMPATIBLE_ASSIGNMENT	Cannot assign 'T' to 'dev.railroadide.railroad.plugin.spi.PluginDescriptor'	src\main\java\dev\railroadide\railroad\plugin\ui\PluginsPane.java:417:33
1	ERROR	SEM_INCOMPATIBLE_ASSIGNMENT	Cannot assign 'T' to 'javafx.application.HostServices'	src\main\java\dev\railroadide\railroad\plugin\ui\PluginsPane.java:67:13
1	ERROR	SEM_UNRESOLVED_CALL	Cannot resolve call 'PluginManager'	src\main\java\dev\railroadide\railroad\plugin\ui\PluginsPane.java:61:9
1	ERROR	SEM_UNINITIALIZED_FINAL_FIELD	Final field 'url' might not be initialized	src\main\java\dev\railroadide\railroad\project\License.java:18:25
1	ERROR	SEM_UNINITIALIZED_FINAL_FIELD	Final field 'hostServices' might not be initialized	src\main\java\dev\railroadide\railroad\plugin\ui\PluginsPane.java:60:5
1	ERROR	SEM_UNINITIALIZED_FINAL_FIELD	Final field 'filePath' might not be initialized	src\main\java\dev\railroadide\railroad\plugin\spi\inspection\JavaRuleContext.java:117:5
1	ERROR	SEM_MISSING_RETURN	Missing return: method 'nearestEnclosingCallableOrLambda' must return 'SyntaxNode' on all paths	src\main\java\dev\railroadide\railroad\plugin\spi\inspection\JavaRuleContext.java:1424:5
1	ERROR	SEM_UNINITIALIZED_FINAL_FIELD	Final field 'documentText' might not be initialized	src\main\java\dev\railroadide\railroad\plugin\spi\inspection\JavaRuleContext.java:117:5
1	ERROR	SEM_UNINITIALIZED_FINAL_FIELD	Final field 'symbolIndex' might not be initialized	src\main\java\dev\railroadide\railroad\plugin\spi\inspection\JavaRuleContext.java:117:5
1	ERROR	SEM_UNINITIALIZED_FINAL_FIELD	Final field 'semanticModel' might not be initialized	src\main\java\dev\railroadide\railroad\plugin\spi\inspection\JavaRuleContext.java:117:5
1	ERROR	SEM_UNINITIALIZED_FINAL_FIELD	Final field 'spdxId' might not be initialized	src\main\java\dev\railroadide\railroad\project\License.java:19:25
1	ERROR	SEM_UNRESOLVED_CALL	Cannot resolve call 'getType'	src\main\java\dev\railroadide\railroad\project\facet\FacetManager.java:160:82
1	ERROR	SEM_DISALLOWED_EXCEPTION_IN_METHOD_SIGNATURE	Method 'runTasks' declares disallowed exception 'java.lang.Exception' in its signature	src\main\java\dev\railroadide\railroad\project\creation\service\GradleService.java:10:59
1	ERROR	SEM_INCOMPATIBLE_ASSIGNMENT	Cannot assign 'T' to 'java.lang.Object'	src\main\java\dev\railroadide\railroad\project\facet\FacetTypeAdapter.java:55:15
1	ERROR	SEM_UNRESOLVED_CALL	Cannot resolve call 'minecraftVersion'	src\main\java\dev\railroadide\railroad\project\facet\detector\FabricFacetDetector.java:59:62
1	ERROR	SEM_UNRESOLVED_CALL	Cannot resolve call 'fabricData'	src\main\java\dev\railroadide\railroad\project\facet\detector\FabricFacetDetector.java:58:94
1	ERROR	SEM_INVALID_OVERRIDE	Invalid override for 'remove'	src\main\java\dev\railroadide\railroad\project\creation\modjson\EntrypointContainer.java:9:1
1	ERROR	SEM_UNINITIALIZED_FINAL_FIELD	Final field 'headerText' might not be initialized	src\main\java\dev\railroadide\railroad\project\License.java:20:25
1	ERROR	SEM_INCOMPATIBLE_ASSIGNMENT	Cannot assign 'T' to 'dev.railroadide.railroad.project.creation.modjson.Entrypoint'	src\main\java\dev\railroadide\railroad\project\creation\modjson\adapter\EntrypointListTypeAdapter.java:31:27
1	ERROR	SEM_INCOMPATIBLE_ASSIGNMENT	Cannot assign 'T' to 'dev.railroadide.railroad.project.creation.modjson.Person'	src\main\java\dev\railroadide\railroad\project\creation\modjson\adapter\PersonListTypeAdapter.java:31:23
1	ERROR	SEM_INCOMPATIBLE_ASSIGNMENT	Cannot assign 'T' to 'dev.railroadide.railroad.project.creation.modjson.MixinEnvironment'	src\main\java\dev\railroadide\railroad\project\creation\modjson\adapter\MixinListTypeAdapter.java:32:33
1	ERROR	SEM_MISSING_RETURN	Missing return: method 'topLevelEnclosingTypeSymbol' must return 'Optional' on all paths	src\main\java\dev\railroadide\railroad\plugin\spi\inspection\JavaRuleContext.java:965:5
1	ERROR	SEM_UNRESOLVED_MEMBER	Cannot resolve member 'SHOW_INFO'	src\main\java\dev\railroadide\railroad\java\cli\impl\KeytoolCLIBuilder.java:251:39
1	ERROR	SEM_UNRESOLVED_MEMBER	Cannot resolve member 'STORE_PASSWD'	src\main\java\dev\railroadide\railroad\java\cli\impl\KeytoolCLIBuilder.java:242:39
1	ERROR	SEM_INCOMPATIBLE_ASSIGNMENT	Cannot assign 'T' to 'dev.railroadide.railroad.localization.Language'	src\main\java\dev\railroadide\railroad\localization\L18n.java:55:17
1	ERROR	SEM_UNRESOLVED_CALL	Cannot resolve call 'URL'	src\main\java\dev\railroadide\railroad\plugin\PluginClassLoader.java:25:9
1	ERROR	SEM_DISALLOWED_EXCEPTION_IN_METHOD_SIGNATURE	Method 'discoverFromFileSystem' declares disallowed exception 'java.lang.Exception' in its signature	src\main\java\dev\railroadide\railroad\localization\LanguageRegistryLoader.java:37:63
1	ERROR	SEM_UNRESOLVED_MEMBER	Cannot resolve member 'KEY_PASSWD'	src\main\java\dev\railroadide\railroad\java\cli\impl\KeytoolCLIBuilder.java:197:39
1	ERROR	SEM_UNRESOLVED_MEMBER	Cannot resolve member 'IMPORT_KEYSTORE'	src\main\java\dev\railroadide\railroad\java\cli\impl\KeytoolCLIBuilder.java:188:39
1	ERROR	SEM_UNRESOLVED_MEMBER	Cannot resolve member 'PRINT_CERT'	src\main\java\dev\railroadide\railroad\java\cli\impl\KeytoolCLIBuilder.java:215:39
1	ERROR	SEM_UNRESOLVED_MEMBER	Cannot resolve member 'PRINT_CRL'	src\main\java\dev\railroadide\railroad\java\cli\impl\KeytoolCLIBuilder.java:233:39
1	ERROR	SEM_UNRESOLVED_MEMBER	Cannot resolve member 'PRINT_CERT_REQ'	src\main\java\dev\railroadide\railroad\java\cli\impl\KeytoolCLIBuilder.java:224:39
1	ERROR	SEM_INCOMPATIBLE_ASSIGNMENT	Cannot assign 'java.util.Optional' to 'dev.railroadide.railroad.plugin.spi.PluginDescriptor'	src\main\java\dev\railroadide\railroad\plugin\PluginManager.java:424:29
1	ERROR	SEM_INCOMPATIBLE_ASSIGNMENT	Cannot assign 'dev.railroadide.railroad.ide.sst.semantic.api.Type.DeclaredType' to 'dev.railroadide.railroad.ide.sst.semantic.api.Type'	src\main\java\dev\railroadide\railroad\plugin\spi\inspection\JavaRuleContext.java:2599:13
1	ERROR	SEM_INCOMPATIBLE_ASSIGNMENT	Cannot assign 'T' to 'dev.railroadide.railroad.ide.sst.semantic.api.SemanticModel'	src\main\java\dev\railroadide\railroad\plugin\spi\inspection\JavaRuleContext.java:124:9
1	ERROR	SEM_UNRESOLVED_CALL	Cannot resolve call 'isTopLevel'	src\main\java\dev\railroadide\railroad\plugin\spi\inspection\JavaRuleContext.java:2461:69
1	ERROR	SEM_MISSING_RETURN	Missing return: method 'enclosingTypeSymbol' must return 'Optional' on all paths	src\main\java\dev\railroadide\railroad\plugin\spi\inspection\JavaRuleContext.java:951:5
1	ERROR	SEM_UNRESOLVED_CALL	Cannot resolve call 'returnType'	src\main\java\dev\railroadide\railroad\plugin\spi\inspection\JavaRuleContext.java:2535:39
1	ERROR	SEM_UNRESOLVED_CALL	Cannot resolve call 'MavenDep'	src\main\java\dev\railroadide\railroad\plugin\spi\deps\MavenDep.java:23:19
1	ERROR	SEM_UNRESOLVED_CALL	Cannot resolve call 'getId'	src\main\java\dev\railroadide\railroad\plugin\PluginManager.java:426:34
1	ERROR	SEM_INCOMPATIBLE_ASSIGNMENT	Cannot assign 'T' to 'dev.railroadide.railroad.plugin.spi.inspection.LanguageInspectionRule'	src\main\java\dev\railroadide\railroad\plugin\spi\inspection\DefaultLanguageInspectionRuleReporter.java:19:9
1	ERROR	SEM_INCOMPATIBLE_ASSIGNMENT	Cannot assign 'T' to 'dev.railroadide.railroad.plugin.spi.inspection.InspectionSettingsAccess'	src\main\java\dev\railroadide\railroad\plugin\spi\inspection\DefaultLanguageInspectionRuleReporter.java:21:9
1	ERROR	SEM_INCOMPATIBLE_ASSIGNMENT	Cannot assign 'T' to 'dev.railroadide.railroad.plugin.spi.inspection.LanguageInspectionReporter'	src\main\java\dev\railroadide\railroad\plugin\spi\inspection\DefaultLanguageInspectionRuleReporter.java:20:9
1	ERROR	SEM_UNRESOLVED_TYPE	Cannot resolve type 'IOExceptionInvalidPathException'	src\main\java\dev\railroadide\railroad\java\JDKManager.java:232:22
1	ERROR	SEM_INVALID_OVERRIDE	Invalid override for 'loadIfCurrent'	src\main\java\dev\railroadide\railroad\ide\sst\project\JavaProjectSemanticPersistence.java:35:5
1	ERROR	SEM_MISSING_IMPLEMENTATION	Type is missing implementation for 'save(java.nio.file.Path,I)'	src\main\java\dev\railroadide\railroad\ide\sst\project\JavaProjectSemanticPersistence.java:22:1
1	ERROR	SEM_UNRESOLVED_TYPE	Cannot resolve type 'AtomicMoveNotSupportedExceptionAccessDeniedException'	src\main\java\dev\railroadide\railroad\ide\sst\project\JavaProjectSemanticPersistence.java:204:18
1	ERROR	SEM_ILLEGAL_FINAL_ASSIGNMENT	Final variable 'source' cannot be assigned here	src\main\java\dev\railroadide\railroad\ide\sst\semantic\api\SemanticModel.java:145:9
1	ERROR	SEM_INCOMPATIBLE_ASSIGNMENT	Cannot assign 'T' to 'dev.railroadide.railroad.ide.sst.semantic.api.SemanticDiagnostic.Severity'	src\main\java\dev\railroadide\railroad\ide\sst\semantic\api\SemanticDiagnostic.java:21:9
1	ERROR	SEM_ILLEGAL_FINAL_ASSIGNMENT	Final variable 'fileIndex' cannot be assigned here	src\main\java\dev\railroadide\railroad\ide\sst\project\JavaProjectSemanticIndex.java:223:13
1	ERROR	SEM_ILLEGAL_FINAL_ASSIGNMENT	Final variable 'name' cannot be assigned here	src\main\java\dev\railroadide\railroad\ide\sst\project\JavaProjectSemanticIndex.java:194:9
1	ERROR	SEM_INCOMPATIBLE_ASSIGNMENT	Cannot assign 'T' to 'dev.railroadide.railroad.ide.sst.project.JavaProjectSemanticExtractor'	src\main\java\dev\railroadide\railroad\ide\sst\project\JavaProjectSemanticIndexer.java:24:9
1	ERROR	SEM_UNINITIALIZED_FINAL_FIELD	Final field 'extractor' might not be initialized	src\main\java\dev\railroadide\railroad\ide\sst\project\JavaProjectSemanticIndexer.java:19:5
1	ERROR	SEM_UNRESOLVED_CALL	Cannot resolve call 'JavaProjectSemanticExtractor'	src\main\java\dev\railroadide\railroad\ide\sst\project\JavaProjectSemanticIndexer.java:20:9
1	ERROR	SEM_UNRESOLVED_MEMBER	Cannot resolve member 'VOID'	src\main\java\dev\railroadide\railroad\ide\sst\semantic\api\Type.java:59:25
1	ERROR	SEM_ILLEGAL_FINAL_ASSIGNMENT	Final variable 'cursor' cannot be assigned here	src\main\java\dev\railroadide\railroad\ide\syntaxhighlighting\TreeSitterJavaSyntaxHighlighting.java:48:13
1	ERROR	SEM_UNRESOLVED_MEMBER	Cannot resolve member 'styleClass'	src\main\java\dev\railroadide\railroad\ide\syntaxhighlighting\ASTJavaSyntaxHighlighting.java:179:67
1	ERROR	SEM_UNRESOLVED_CALL	Cannot resolve call 'getMessage'	src\main\java\dev\railroadide\railroad\ide\ui\DiagnosticPane.java:49:39
1	ERROR	SEM_DUPLICATE_DECLARATION	Duplicate declaration for 'DiagnosticPane'	src\main\java\dev\railroadide\railroad\ide\ui\DiagnosticPane.java:70:5
1	ERROR	SEM_UNRESOLVED_CALL	Cannot resolve call 'List'	src\main\java\dev\railroadide\railroad\ide\ui\DiagnosticPane.java:72:9
1	ERROR	SEM_INCOMPATIBLE_ASSIGNMENT	Cannot assign 'T' to 'dev.railroadide.railroad.ide.sst.syntax.api.SyntaxNode'	src\main\java\dev\railroadide\railroad\ide\sst\syntax\api\SyntaxTree.java:22:9
1	ERROR	SEM_INCOMPATIBLE_ASSIGNMENT	Cannot assign 'T' to 'dev.railroadide.railroad.ide.sst.syntax.api.SyntaxDiagnostic.Severity'	src\main\java\dev\railroadide\railroad\ide\sst\syntax\api\SyntaxDiagnostic.java:16:9
1	ERROR	SEM_INCOMPATIBLE_ASSIGNMENT	Cannot assign 'T' to 'dev.railroadide.railroad.ide.sst.syntax.api.SyntaxKind'	src\main\java\dev\railroadide\railroad\ide\sst\syntax\internal\GreenElement.java:14:9
1	ERROR	SEM_UNRESOLVED_MEMBER	Cannot resolve member 'endOffset'	src\main\java\dev\railroadide\railroad\ide\syntaxhighlighting\ASTJavaSyntaxHighlighting.java:178:102
1	ERROR	SEM_INCOMPATIBLE_ASSIGNMENT	Cannot assign 'T' to 'dev.railroadide.railroad.ide.sst.syntax.internal.GreenElement'	src\main\java\dev\railroadide\railroad\ide\sst\syntax\internal\RedElement.java:15:9
1	ERROR	SEM_ILLEGAL_FINAL_ASSIGNMENT	Final variable 'ownerQualifiedName' cannot be assigned here	src\main\java\dev\railroadide\railroad\ide\sst\project\JavaProjectSemanticIndex.java:106:9
1	ERROR	SEM_UNRESOLVED_CALL	Cannot resolve call 'offset'	src\main\java\dev\railroadide\railroad\ide\sst\impl\java\JavaLexerSnapshot.java:16:9
1	ERROR	SEM_UNINITIALIZED_FINAL_FIELD	Final field 'sourceId' might not be initialized	src\main\java\dev\railroadide\railroad\ide\sst\impl\java\JavaLexer.java:39:5
1	ERROR	SEM_UNRESOLVED_NAME	Cannot resolve name 'offset'	src\main\java\dev\railroadide\railroad\ide\sst\impl\java\JavaLexerSnapshot.java:25:28
1	ERROR	SEM_UNRESOLVED_NAME	Cannot resolve name 'column'	src\main\java\dev\railroadide\railroad\ide\sst\impl\java\JavaLexerSnapshot.java:27:30
1	ERROR	SEM_UNRESOLVED_NAME	Cannot resolve name 'line'	src\main\java\dev\railroadide\railroad\ide\sst\impl\java\JavaLexerSnapshot.java:26:28
1	ERROR	SEM_INCOMPATIBLE_ASSIGNMENT	Cannot assign 'java.util.Map' to 'dev.railroadide.railroad.ide.sst.impl.java.JavaTokenType'	src\main\java\dev\railroadide\railroad\ide\sst\impl\java\JavaLexer.java:326:26
1	ERROR	SEM_INCOMPATIBLE_ASSIGNMENT	Cannot assign 'T' to 'java.lang.CharSequence'	src\main\java\dev\railroadide\railroad\ide\sst\impl\java\JavaLexer.java:30:9
1	ERROR	SEM_UNRESOLVED_CALL	Cannot resolve call 'input'	src\main\java\dev\railroadide\railroad\ide\sst\impl\java\JavaLexer.java:40:9
1	ERROR	SEM_UNINITIALIZED_FINAL_FIELD	Final field 'length' might not be initialized	src\main\java\dev\railroadide\railroad\ide\sst\impl\java\JavaLexer.java:39:5
1	ERROR	SEM_UNINITIALIZED_FINAL_FIELD	Final field 'input' might not be initialized	src\main\java\dev\railroadide\railroad\ide\sst\impl\java\JavaLexer.java:39:5
1	ERROR	SEM_UNRESOLVED_NAME	Cannot resolve name 'mode'	src\main\java\dev\railroadide\railroad\ide\sst\impl\java\JavaLexerSnapshot.java:28:28
1	ERROR	SEM_MISSING_RETURN	Missing return: method 'scopeFor' must return 'Scope' on all paths	src\main\java\dev\railroadide\railroad\ide\sst\impl\java\JavaSemanticAnalyzer.java:230:9
1	ERROR	SEM_UNRESOLVED_CALL	Cannot resolve call 'signature'	src\main\java\dev\railroadide\railroad\ide\sst\impl\java\JavaSemanticAnalyzer.java:3265:78
1	ERROR	SEM_MISSING_RETURN	Missing return: method 'enclosingTypeSymbol' must return 'Symbol' on all paths	src\main\java\dev\railroadide\railroad\ide\sst\impl\java\JavaSemanticAnalyzer.java:288:9
1	ERROR	SEM_ILLEGAL_FINAL_ASSIGNMENT	Final variable 'packageName' cannot be assigned here	src\main\java\dev\railroadide\railroad\ide\sst\project\JavaProjectSemanticIndex.java:50:9
1	ERROR	SEM_MISSING_RETURN	Missing return: method 'topLevelEnclosingTypeSymbol' must return 'Symbol' on all paths	src\main\java\dev\railroadide\railroad\ide\sst\impl\java\JavaSemanticAnalyzer.java:304:9
1	ERROR	SEM_INCOMPATIBLE_ASSIGNMENT	Cannot assign 'java.lang.Long' to 'long[]'	src\main\java\dev\railroadide\railroad\ide\sst\impl\java\JavaParserBenchmarkRunner.java:372:13
1	ERROR	SEM_INCOMPATIBLE_ASSIGNMENT	Cannot assign 'int' to 'long[]'	src\main\java\dev\railroadide\railroad\ide\sst\impl\java\JavaParserBenchmarkRunner.java:370:15
1	ERROR	SEM_UNRESOLVED_CALL	Cannot resolve call 'averageNanos'	src\main\java\dev\railroadide\railroad\ide\sst\impl\java\JavaParserBenchmarkRunner.java:162:103
1	ERROR	SEM_INCOMPATIBLE_ASSIGNMENT	Cannot assign 'dev.railroadide.railroad.ide.sst.semantic.api.SemanticModel.Builder' to 'dev.railroadide.railroad.ide.sst.semantic.api.SemanticModel$Builder'	src\main\java\dev\railroadide\railroad\ide\sst\impl\java\JavaSemanticAnalyzer.java:188:30
1	ERROR	SEM_DUPLICATE_DECLARATION	Duplicate declaration for 'unit'	src\main\java\dev\railroadide\railroad\ide\sst\impl\java\JavaParserBenchmarkRunner.java:196:14
1	ERROR	SEM_UNRESOLVED_NAME	Cannot resolve name 'activeSignatureHelp'	src\main\java\dev\railroadide\railroad\ide\ui\JavaCodeEditorPane.java:62:13
1	ERROR	SEM_INCOMPATIBLE_ASSIGNMENT	Cannot assign 'T' to 'dev.railroadide.railroad.ide.ui.git.commit.list.GitCommitListViewPane.GitCommitListCell'	src\main\java\dev\railroadide\railroad\ide\ui\git\commit\list\GitCommitListViewPane.java:74:34
1	ERROR	SEM_INCOMPATIBLE_ASSIGNMENT	Cannot assign 'java.util.Optional' to 'javafx.scene.control.Tab'	src\main\java\dev\railroadide\railroad\ide\ui\git\commit\changes\FileItem.java:112:12
1	ERROR	SEM_UNRESOLVED_MEMBER	Cannot resolve member 'FILE_HEADER'	src\main\java\dev\railroadide\railroad\ide\ui\git\diff\GitDiffPane.java:282:71
1	ERROR	SEM_UNRESOLVED_MEMBER	Cannot resolve member 'CONTEXT'	src\main\java\dev\railroadide\railroad\ide\ui\git\diff\GitDiffPane.java:299:50
1	ERROR	SEM_UNRESOLVED_MEMBER	Cannot resolve member 'HUNK_HEADER'	src\main\java\dev\railroadide\railroad\ide\ui\git\diff\GitDiffPane.java:295:75
1	ERROR	SEM_UNRESOLVED_CALL	Cannot resolve call 'getAllRemoteBranches'	src\main\java\dev\railroadide\railroad\ide\ui\git\branches\GitRemoteBranchesListView.java:27:44
1	ERROR	SEM_UNRESOLVED_CALL	Cannot resolve call 'getAllLocalBranches'	src\main\java\dev\railroadide\railroad\ide\ui\git\branches\GitLocalBranchesListView.java:34:44
1	ERROR	SEM_UNRESOLVED_CALL	Cannot resolve call 'changes'	src\main\java\dev\railroadide\railroad\ide\ui\git\commit\GitCommitChangesPane.java:32:97
1	ERROR	SEM_MISSING_IMPLEMENTATION	Type is missing implementation for 'getStyleClass()'	src\main\java\dev\railroadide\railroad\ide\ui\git\commit\changes\CommitTreeItem.java:13:1
1	ERROR	SEM_UNRESOLVED_CALL	Cannot resolve call 'item'	src\main\java\dev\railroadide\railroad\ide\ui\git\commit\changes\CommitTreeItem.java:15:9
1	ERROR	SEM_UNRESOLVED_MEMBER	Cannot resolve member 'ADDITION'	src\main\java\dev\railroadide\railroad\ide\ui\git\diff\GitDiffPane.java:300:51
1	ERROR	SEM_INCOMPATIBLE_ASSIGNMENT	Cannot assign 'dev.railroadide.railroad.settings.Setting' to 'dev.railroadide.railroad.settings.TerminalFontMode'	src\main\java\dev\railroadide\railroad\ide\ui\setup\TerminalFactory.java:197:25
1	ERROR	SEM_UNRESOLVED_CALL	Cannot resolve call 'isAllowMultipleInstances'	src\main\java\dev\railroadide\railroad\ide\ui\setup\RunControlsPane.java:351:62
1	ERROR	SEM_UNRESOLVED_CALL	Cannot resolve call 'isJsonObject'	src\main\java\dev\railroadide\railroad\ide\ui\setup\TerminalFactory.java:296:26
1	ERROR	SEM_DUPLICATE_DECLARATION	Duplicate declaration for 'brand'	src\main\java\dev\railroadide\railroad\java\JDK.java:232:18
1	ERROR	SEM_UNRESOLVED_CALL	Cannot resolve call 'getAsJsonObject'	src\main\java\dev\railroadide\railroad\ide\ui\setup\TerminalFactory.java:299:42
1	ERROR	SEM_INCOMPATIBLE_ASSIGNMENT	Cannot assign 'java.util.Optional' to 'dev.railroadide.railroad.vcs.git.remote.GitRemote'	src\main\java\dev\railroadide\railroad\ide\ui\git\remote\GitRemoteActionsPane.java:376:22
1	ERROR	SEM_UNRESOLVED_MEMBER	Cannot resolve member 'DELETION'	src\main\java\dev\railroadide\railroad\ide\ui\git\diff\GitDiffPane.java:301:51
1	ERROR	SEM_UNRESOLVED_CALL	Cannot resolve call 'noneMatch'	src\main\java\dev\railroadide\railroad\ide\ui\git\stash\GitStashPane.java:196:58
1	ERROR	SEM_INCOMPATIBLE_ASSIGNMENT	Cannot assign 'dev.railroadide.railroad.ui.localized.LocalizedComboBox' to 'dev.railroadide.railroad.ide.runconfig.RunConfiguration'	src\main\java\dev\railroadide\railroad\ide\ui\setup\RunControlsPane.java:84:36
1	ERROR	SEM_UNRESOLVED_CALL	Cannot resolve call 'reference'	src\main\java\dev\railroadide\railroad\ide\ui\git\stash\GitStashPane.java:196:83
1	ERROR	SEM_UNRESOLVED_CALL	Cannot resolve call 'endsWith'	src\main\java\dev\railroadide\railroad\ide\ui\git\branches\AbstractGitBranchesListView.java:236:39
1	ERROR	SEM_INCOMPATIBLE_ASSIGNMENT	Cannot assign 'dev.railroadide.railroad.ide.language.LanguageFeatureFactory' to 'dev.railroadide.railroad.ide.completion.CompletionProvider'	src\main\java\dev\railroadide\railroad\ide\ui\codeeditor\CodeEditorConfig.java:34:27
1	ERROR	SEM_UNRESOLVED_MEMBER	Cannot resolve member 'popup'	src\main\java\dev\railroadide\railroad\ide\ui\JsonCodeEditorPane.java:183:48
1	ERROR	SEM_INCOMPATIBLE_ASSIGNMENT	Cannot assign 'dev.railroadide.railroad.ide.language.LanguageFeatureFactory' to 'dev.railroadide.railroad.ide.diagnostics.DiagnosticsProvider'	src\main\java\dev\railroadide\railroad\ide\ui\codeeditor\CodeEditorConfig.java:37:28
1	ERROR	SEM_INCOMPATIBLE_ASSIGNMENT	Cannot assign 'T' to 'dev.railroadide.railroad.ide.ui.codeeditor.CodeEditorConfig'	src\main\java\dev\railroadide\railroad\ide\ui\codeeditor\CodeEditorPane.java:120:9
1	ERROR	SEM_INCOMPATIBLE_ASSIGNMENT	Cannot assign 'dev.railroadide.railroad.ide.language.LanguageFeatureFactory' to 'dev.railroadide.railroad.ide.signature.SignatureHelpProvider'	src\main\java\dev\railroadide\railroad\ide\ui\codeeditor\CodeEditorConfig.java:40:30
1	ERROR	SEM_UNRESOLVED_CALL	Cannot resolve call 'getStyle'	src\main\java\dev\railroadide\railroad\ide\ui\JsonCodeEditorPane.java:171:56
1	ERROR	SEM_UNRESOLVED_CALL	Cannot resolve call 'popup'	src\main\java\dev\railroadide\railroad\ide\ui\JsonCodeEditorPane.java:58:42
1	ERROR	SEM_UNRESOLVED_CALL	Cannot resolve call 'getLength'	src\main\java\dev\railroadide\railroad\ide\ui\JsonCodeEditorPane.java:176:38
1	ERROR	SEM_UNRESOLVED_MEMBER	Cannot resolve member 'end'	src\main\java\dev\railroadide\railroad\ide\ui\JsonCodeEditorPane.java:164:75
1	ERROR	SEM_UNRESOLVED_MEMBER	Cannot resolve member 'start'	src\main\java\dev\railroadide\railroad\ide\ui\JsonCodeEditorPane.java:164:62
1	ERROR	SEM_INCOMPATIBLE_ASSIGNMENT	Cannot assign 'char' to 'java.lang.Character'	src\main\java\dev\railroadide\railroad\ide\ui\codeeditor\CodeEditorPane.java:749:18
1	ERROR	SEM_ILLEGAL_FINAL_ASSIGNMENT	Final variable 'indentWidth' cannot be assigned here	src\main\java\dev\railroadide\railroad\ide\ui\codeeditor\TextEditorPane.java:195:9
1	ERROR	SEM_INCOMPATIBLE_ASSIGNMENT	Cannot assign 'dev.railroadide.railroad.settings.Setting' to 'dev.railroadide.railroad.settings.IndentMode'	src\main\java\dev\railroadide\railroad\ide\ui\codeeditor\TextEditorPane.java:166:27
1	ERROR	SEM_INCOMPATIBLE_ASSIGNMENT	Cannot assign 'javafx.scene.control.ListCell' to 'T'	src\main\java\dev\railroadide\railroad\ide\ui\git\branches\AbstractGitBranchesListView.java:69:22
1	ERROR	SEM_UNRESOLVED_CALL	Cannot resolve call 'lastCommit'	src\main\java\dev\railroadide\railroad\ide\ui\git\branches\AbstractGitBranchesListView.java:164:39
1	ERROR	SEM_UNRESOLVED_CALL	Cannot resolve call 'status'	src\main\java\dev\railroadide\railroad\ide\ui\git\branches\AbstractGitBranchesListView.java:154:34
1	ERROR	SEM_ILLEGAL_FINAL_ASSIGNMENT	Final variable 'config' cannot be assigned here	src\main\java\dev\railroadide\railroad\ide\ui\codeeditor\CodeEditorPane.java:120:9
1	ERROR	SEM_UNRESOLVED_CALL	Cannot resolve call 'namedThreadFactory'	src\main\java\dev\railroadide\railroad\ide\ui\codeeditor\CodeEditorPane.java:66:9
1	ERROR	SEM_DUPLICATE_DECLARATION	Duplicate declaration for 'span'	src\main\java\dev\railroadide\railroad\ide\ui\codeeditor\CodeEditorPane.java:891:14
1	ERROR	SEM_UNRESOLVED_NAME	Cannot resolve name 'languageId'	src\main\java\dev\railroadide\railroad\ide\ui\codeeditor\CodeEditorPane.java:284:13
1	ERROR	SEM_UNRESOLVED_NAME	Cannot resolve name 'filePath'	src\main\java\dev\railroadide\railroad\ide\ui\codeeditor\CodeEditorPane.java:283:13
